date,product,demand,inventory,supplier,unit_cost,lead_time,supplier_reliability
2025-01-01,Laptop,48,400,Supplier_C,530,3,0.97
2025-01-02,Laptop,41,352,Supplier_A,500,4,0.95
2025-01-03,Laptop,31,311,Supplier_C,530,3,0.97
2025-01-04,Laptop,44,280,Supplier_C,530,3,0.97
2025-01-05,Laptop,25,236,Supplier_C,530,3,0.97
2025-01-06,Laptop,37,211,Supplier_B,470,6,0.88
2025-01-07,Laptop,45,494,Supplier_B,470,6,0.88
2025-01-08,Laptop,45,449,Supplier_B,470,6,0.88
2025-01-09,Laptop,49,404,Supplier_A,500,4,0.95
2025-01-10,Laptop,44,355,Supplier_A,500,4,0.95
2025-01-11,Laptop,38,311,Supplier_B,470,6,0.88
2025-01-12,Laptop,27,273,Supplier_C,530,3,0.97
2025-01-13,Laptop,47,246,Supplier_C,530,3,0.97
2025-01-14,Laptop,43,519,Supplier_C,530,3,0.97
2025-01-15,Laptop,45,476,Supplier_A,500,4,0.95
2025-01-16,Laptop,44,431,Supplier_C,530,3,0.97
2025-01-17,Laptop,34,387,Supplier_B,470,6,0.88
2025-01-18,Laptop,43,353,Supplier_A,500,4,0.95
2025-01-19,Laptop,32,310,Supplier_C,530,3,0.97
2025-01-20,Laptop,38,278,Supplier_C,530,3,0.97
2025-01-21,Laptop,50,240,Supplier_C,530,3,0.97
2025-01-22,Laptop,47,510,Supplier_B,470,6,0.88
2025-01-23,Laptop,36,463,Supplier_B,470,6,0.88
2025-01-24,Laptop,35,427,Supplier_B,470,6,0.88
2025-01-25,Laptop,47,392,Supplier_B,470,6,0.88
2025-01-26,Laptop,41,345,Supplier_A,500,4,0.95
2025-01-27,Laptop,43,304,Supplier_B,470,6,0.88
2025-01-28,Laptop,45,261,Supplier_C,530,3,0.97
2025-01-29,Laptop,48,216,Supplier_A,500,4,0.95
2025-01-30,Laptop,42,488,Supplier_A,500,4,0.95
2025-01-31,Laptop,41,446,Supplier_B,470,6,0.88
2025-02-01,Laptop,31,405,Supplier_A,500,4,0.95
2025-02-02,Laptop,36,374,Supplier_A,500,4,0.95
2025-02-03,Laptop,31,338,Supplier_A,500,4,0.95
2025-02-04,Laptop,47,307,Supplier_C,530,3,0.97
2025-02-05,Laptop,50,260,Supplier_C,530,3,0.97
2025-02-06,Laptop,38,210,Supplier_C,530,3,0.97
2025-02-07,Laptop,35,492,Supplier_A,500,4,0.95
2025-02-08,Laptop,26,457,Supplier_C,530,3,0.97
2025-02-09,Laptop,40,431,Supplier_C,530,3,0.97
2025-02-10,Laptop,45,391,Supplier_B,470,6,0.88
2025-02-11,Laptop,50,346,Supplier_C,530,3,0.97
2025-02-12,Laptop,36,296,Supplier_C,530,3,0.97
2025-02-13,Laptop,47,260,Supplier_B,470,6,0.88
2025-02-14,Laptop,39,213,Supplier_C,530,3,0.97
2025-02-15,Laptop,37,494,Supplier_C,530,3,0.97
2025-02-16,Laptop,32,457,Supplier_A,500,4,0.95
2025-02-17,Laptop,41,425,Supplier_C,530,3,0.97
2025-02-18,Laptop,45,384,Supplier_A,500,4,0.95
2025-02-19,Laptop,44,339,Supplier_B,470,6,0.88
2025-02-20,Laptop,44,295,Supplier_C,530,3,0.97
2025-02-21,Laptop,32,251,Supplier_C,530,3,0.97
2025-02-22,Laptop,41,219,Supplier_B,470,6,0.88
2025-02-23,Laptop,39,498,Supplier_B,470,6,0.88
2025-02-24,Laptop,42,459,Supplier_B,470,6,0.88
2025-02-25,Laptop,50,417,Supplier_B,470,6,0.88
2025-02-26,Laptop,44,367,Supplier_C,530,3,0.97
2025-02-27,Laptop,46,323,Supplier_A,500,4,0.95
2025-02-28,Laptop,34,277,Supplier_A,500,4,0.95
2025-03-01,Laptop,32,243,Supplier_C,530,3,0.97
2025-03-02,Laptop,41,211,Supplier_A,500,4,0.95
2025-03-03,Laptop,38,490,Supplier_C,530,3,0.97
2025-03-04,Laptop,44,452,Supplier_A,500,4,0.95
2025-03-05,Laptop,44,408,Supplier_B,470,6,0.88
2025-03-06,Laptop,40,364,Supplier_C,530,3,0.97
2025-03-07,Laptop,36,324,Supplier_C,530,3,0.97
2025-03-08,Laptop,35,288,Supplier_A,500,4,0.95
2025-03-09,Laptop,25,253,Supplier_A,500,4,0.95
2025-03-10,Laptop,39,228,Supplier_B,470,6,0.88
2025-03-11,Laptop,44,509,Supplier_C,530,3,0.97
2025-03-12,Laptop,36,465,Supplier_A,500,4,0.95
2025-03-13,Laptop,42,429,Supplier_A,500,4,0.95
2025-03-14,Laptop,35,387,Supplier_A,500,4,0.95
2025-03-15,Laptop,33,352,Supplier_A,500,4,0.95
2025-03-16,Laptop,32,319,Supplier_B,470,6,0.88
2025-03-17,Laptop,37,287,Supplier_B,470,6,0.88
2025-03-18,Laptop,48,250,Supplier_C,530,3,0.97
2025-03-19,Laptop,40,202,Supplier_C,530,3,0.97
2025-03-20,Laptop,46,482,Supplier_A,500,4,0.95
2025-03-21,Laptop,34,436,Supplier_B,470,6,0.88
2025-03-22,Laptop,36,402,Supplier_A,500,4,0.95
2025-03-23,Laptop,45,366,Supplier_A,500,4,0.95
2025-03-24,Laptop,35,321,Supplier_A,500,4,0.95
2025-03-25,Laptop,41,286,Supplier_C,530,3,0.97
2025-03-26,Laptop,54,245,Supplier_C,530,3,0.97
2025-03-27,Laptop,46,511,Supplier_B,470,6,0.88
2025-03-28,Laptop,29,465,Supplier_C,530,3,0.97
2025-03-29,Laptop,34,436,Supplier_A,500,4,0.95
2025-03-30,Laptop,30,402,Supplier_B,470,6,0.88
2025-03-31,Laptop,47,372,Supplier_A,500,4,0.95
2025-04-01,Laptop,50,325,Supplier_B,470,6,0.88
2025-04-02,Laptop,50,275,Supplier_C,530,3,0.97
2025-04-03,Laptop,51,225,Supplier_C,530,3,0.97
2025-04-04,Laptop,39,494,Supplier_B,470,6,0.88
2025-04-05,Laptop,34,455,Supplier_A,500,4,0.95
2025-04-06,Laptop,37,421,Supplier_B,470,6,0.88
2025-04-07,Laptop,44,384,Supplier_C,530,3,0.97
2025-04-08,Laptop,45,340,Supplier_A,500,4,0.95
2025-04-09,Laptop,50,295,Supplier_C,530,3,0.97
2025-04-10,Laptop,37,245,Supplier_B,470,6,0.88
2025-04-11,Laptop,40,208,Supplier_C,530,3,0.97
2025-04-12,Laptop,39,488,Supplier_A,500,4,0.95
2025-04-13,Laptop,36,449,Supplier_A,500,4,0.95
2025-04-14,Laptop,36,413,Supplier_B,470,6,0.88
2025-04-15,Laptop,45,377,Supplier_B,470,6,0.88
2025-04-16,Laptop,40,332,Supplier_C,530,3,0.97
2025-04-17,Laptop,36,292,Supplier_A,500,4,0.95
2025-04-18,Laptop,40,256,Supplier_A,500,4,0.95
2025-04-19,Laptop,27,216,Supplier_C,530,3,0.97
2025-04-20,Laptop,35,509,Supplier_C,530,3,0.97
2025-04-21,Laptop,43,474,Supplier_C,530,3,0.97
2025-04-22,Laptop,53,431,Supplier_C,530,3,0.97
2025-04-23,Laptop,39,378,Supplier_B,470,6,0.88
2025-04-24,Laptop,46,339,Supplier_B,470,6,0.88
2025-04-25,Laptop,37,293,Supplier_C,530,3,0.97
2025-04-26,Laptop,36,256,Supplier_C,530,3,0.97
2025-04-27,Laptop,35,220,Supplier_C,530,3,0.97
2025-04-28,Laptop,46,505,Supplier_A,500,4,0.95
2025-04-29,Laptop,47,459,Supplier_C,530,3,0.97
2025-04-30,Laptop,41,412,Supplier_C,530,3,0.97
2025-05-01,Laptop,42,371,Supplier_B,470,6,0.88
2025-05-02,Laptop,38,329,Supplier_A,500,4,0.95
2025-05-03,Laptop,35,291,Supplier_A,500,4,0.95
2025-05-04,Laptop,37,256,Supplier_A,500,4,0.95
2025-05-05,Laptop,42,219,Supplier_C,530,3,0.97
2025-05-06,Laptop,44,497,Supplier_A,500,4,0.95
2025-05-07,Laptop,44,453,Supplier_C,530,3,0.97
2025-05-08,Laptop,40,409,Supplier_A,500,4,0.95
2025-05-09,Laptop,32,369,Supplier_A,500,4,0.95
2025-05-10,Laptop,31,337,Supplier_B,470,6,0.88
2025-05-11,Laptop,36,306,Supplier_B,470,6,0.88
2025-05-12,Laptop,41,270,Supplier_B,470,6,0.88
2025-05-13,Laptop,44,229,Supplier_B,470,6,0.88
2025-05-14,Laptop,40,505,Supplier_B,470,6,0.88
2025-05-15,Laptop,46,465,Supplier_C,530,3,0.97
2025-05-16,Laptop,42,419,Supplier_B,470,6,0.88
2025-05-17,Laptop,27,377,Supplier_C,530,3,0.97
2025-05-18,Laptop,30,350,Supplier_B,470,6,0.88
2025-05-19,Laptop,41,320,Supplier_A,500,4,0.95
2025-05-20,Laptop,45,279,Supplier_B,470,6,0.88
2025-05-21,Laptop,43,234,Supplier_C,530,3,0.97
2025-05-22,Laptop,41,511,Supplier_C,530,3,0.97
2025-05-23,Laptop,37,470,Supplier_C,530,3,0.97
2025-05-24,Laptop,32,433,Supplier_C,530,3,0.97
2025-05-25,Laptop,35,401,Supplier_C,530,3,0.97
2025-05-26,Laptop,37,366,Supplier_B,470,6,0.88
2025-05-27,Laptop,47,329,Supplier_B,470,6,0.88
2025-05-28,Laptop,38,282,Supplier_A,500,4,0.95
2025-05-29,Laptop,38,244,Supplier_A,500,4,0.95
2025-05-30,Laptop,35,206,Supplier_A,500,4,0.95
2025-05-31,Laptop,39,491,Supplier_B,470,6,0.88
2025-06-01,Laptop,34,452,Supplier_C,530,3,0.97
2025-06-02,Laptop,36,418,Supplier_A,500,4,0.95
2025-06-03,Laptop,46,382,Supplier_B,470,6,0.88
2025-06-04,Laptop,36,336,Supplier_A,500,4,0.95
2025-06-05,Laptop,43,300,Supplier_C,530,3,0.97
2025-06-06,Laptop,45,257,Supplier_B,470,6,0.88
2025-06-07,Laptop,32,212,Supplier_A,500,4,0.95
2025-06-08,Laptop,43,500,Supplier_A,500,4,0.95
2025-06-09,Laptop,36,457,Supplier_B,470,6,0.88
2025-06-10,Laptop,44,421,Supplier_B,470,6,0.88
2025-06-11,Laptop,49,377,Supplier_B,470,6,0.88
2025-06-12,Laptop,47,328,Supplier_A,500,4,0.95
2025-06-13,Laptop,43,281,Supplier_A,500,4,0.95
2025-06-14,Laptop,44,238,Supplier_C,530,3,0.97
2025-06-15,Laptop,40,514,Supplier_C,530,3,0.97
2025-06-16,Laptop,36,474,Supplier_A,500,4,0.95
2025-06-17,Laptop,38,438,Supplier_B,470,6,0.88
2025-06-18,Laptop,47,400,Supplier_B,470,6,0.88
2025-06-19,Laptop,46,353,Supplier_B,470,6,0.88
2025-06-20,Laptop,21,307,Supplier_A,500,4,0.95
2025-06-21,Laptop,29,286,Supplier_B,470,6,0.88
2025-06-22,Laptop,25,257,Supplier_B,470,6,0.88
2025-06-23,Laptop,33,232,Supplier_B,470,6,0.88
2025-06-24,Laptop,42,519,Supplier_C,530,3,0.97
2025-06-25,Laptop,46,477,Supplier_B,470,6,0.88
2025-06-26,Laptop,42,431,Supplier_A,500,4,0.95
2025-06-27,Laptop,48,389,Supplier_A,500,4,0.95
2025-06-28,Laptop,38,341,Supplier_C,530,3,0.97
2025-06-29,Laptop,42,303,Supplier_B,470,6,0.88
2025-06-30,Laptop,40,261,Supplier_C,530,3,0.97
2025-07-01,Laptop,42,221,Supplier_B,470,6,0.88
2025-07-02,Laptop,40,499,Supplier_A,500,4,0.95
2025-07-03,Laptop,43,459,Supplier_C,530,3,0.97
2025-07-04,Laptop,39,416,Supplier_A,500,4,0.95
2025-07-05,Laptop,39,377,Supplier_A,500,4,0.95
2025-07-06,Laptop,29,338,Supplier_A,500,4,0.95
2025-07-07,Laptop,42,309,Supplier_A,500,4,0.95
2025-07-08,Laptop,42,267,Supplier_A,500,4,0.95
2025-07-09,Laptop,39,225,Supplier_C,530,3,0.97
2025-07-10,Laptop,35,506,Supplier_B,470,6,0.88
2025-07-11,Laptop,42,471,Supplier_A,500,4,0.95
2025-07-12,Laptop,31,429,Supplier_B,470,6,0.88
2025-07-13,Laptop,39,398,Supplier_A,500,4,0.95
2025-07-14,Laptop,42,359,Supplier_A,500,4,0.95
2025-07-15,Laptop,43,317,Supplier_A,500,4,0.95
2025-07-16,Laptop,46,274,Supplier_A,500,4,0.95
2025-07-17,Laptop,44,228,Supplier_A,500,4,0.95
2025-07-18,Laptop,46,504,Supplier_C,530,3,0.97
2025-07-19,Laptop,42,458,Supplier_B,470,6,0.88
2025-07-20,Laptop,37,416,Supplier_C,530,3,0.97
2025-07-21,Laptop,32,379,Supplier_B,470,6,0.88
2025-07-22,Laptop,37,347,Supplier_C,530,3,0.97
2025-07-23,Laptop,47,310,Supplier_A,500,4,0.95
2025-07-24,Laptop,38,263,Supplier_B,470,6,0.88
2025-07-25,Laptop,41,225,Supplier_A,500,4,0.95
2025-07-26,Laptop,32,504,Supplier_A,500,4,0.95
2025-07-27,Laptop,50,472,Supplier_B,470,6,0.88
2025-07-28,Laptop,37,422,Supplier_A,500,4,0.95
2025-07-29,Laptop,43,385,Supplier_A,500,4,0.95
2025-07-30,Laptop,43,342,Supplier_B,470,6,0.88
2025-07-31,Laptop,47,299,Supplier_C,530,3,0.97
2025-08-01,Laptop,37,252,Supplier_C,530,3,0.97
2025-08-02,Laptop,37,215,Supplier_A,500,4,0.95
2025-08-03,Laptop,36,498,Supplier_C,530,3,0.97
2025-08-04,Laptop,36,462,Supplier_A,500,4,0.95
2025-08-05,Laptop,48,426,Supplier_A,500,4,0.95
2025-08-06,Laptop,49,378,Supplier_C,530,3,0.97
2025-08-07,Laptop,42,329,Supplier_C,530,3,0.97
2025-08-08,Laptop,33,287,Supplier_B,470,6,0.88
2025-08-09,Laptop,24,254,Supplier_C,530,3,0.97
2025-08-10,Laptop,43,230,Supplier_A,500,4,0.95
2025-08-11,Laptop,36,507,Supplier_A,500,4,0.95
2025-08-12,Laptop,43,471,Supplier_B,470,6,0.88
2025-08-13,Laptop,46,428,Supplier_B,470,6,0.88
2025-08-14,Laptop,43,382,Supplier_C,530,3,0.97
2025-08-15,Laptop,30,339,Supplier_A,500,4,0.95
2025-08-16,Laptop,32,309,Supplier_B,470,6,0.88
2025-08-17,Laptop,27,277,Supplier_A,500,4,0.95
2025-08-18,Laptop,40,250,Supplier_A,500,4,0.95
2025-08-19,Laptop,43,210,Supplier_C,530,3,0.97
2025-08-20,Laptop,48,487,Supplier_A,500,4,0.95
2025-08-21,Laptop,34,439,Supplier_C,530,3,0.97
2025-08-22,Laptop,42,405,Supplier_C,530,3,0.97
2025-08-23,Laptop,35,363,Supplier_C,530,3,0.97
2025-08-24,Laptop,42,328,Supplier_B,470,6,0.88
2025-08-25,Laptop,38,286,Supplier_B,470,6,0.88
2025-08-26,Laptop,44,248,Supplier_B,470,6,0.88
2025-08-27,Laptop,49,204,Supplier_C,530,3,0.97
2025-08-28,Laptop,46,475,Supplier_A,500,4,0.95
2025-08-29,Laptop,41,429,Supplier_B,470,6,0.88
2025-08-30,Laptop,39,388,Supplier_A,500,4,0.95
2025-08-31,Laptop,28,349,Supplier_A,500,4,0.95
2025-09-01,Laptop,35,321,Supplier_B,470,6,0.88
2025-09-02,Laptop,51,286,Supplier_A,500,4,0.95
2025-09-03,Laptop,44,235,Supplier_A,500,4,0.95
2025-09-04,Laptop,43,511,Supplier_A,500,4,0.95
2025-09-05,Laptop,37,468,Supplier_C,530,3,0.97
2025-09-06,Laptop,31,431,Supplier_C,530,3,0.97
2025-09-07,Laptop,36,400,Supplier_A,500,4,0.95
2025-09-08,Laptop,36,364,Supplier_A,500,4,0.95
2025-09-09,Laptop,40,328,Supplier_A,500,4,0.95
2025-09-10,Laptop,41,288,Supplier_C,530,3,0.97
2025-09-11,Laptop,49,247,Supplier_A,500,4,0.95
2025-09-12,Laptop,36,518,Supplier_A,500,4,0.95
2025-09-13,Laptop,31,482,Supplier_B,470,6,0.88
2025-09-14,Laptop,34,451,Supplier_B,470,6,0.88
2025-09-15,Laptop,33,417,Supplier_B,470,6,0.88
2025-09-16,Laptop,40,384,Supplier_C,530,3,0.97
2025-09-17,Laptop,39,344,Supplier_B,470,6,0.88
2025-09-18,Laptop,50,305,Supplier_A,500,4,0.95
2025-09-19,Laptop,30,255,Supplier_A,500,4,0.95
2025-09-20,Laptop,27,225,Supplier_B,470,6,0.88
2025-09-21,Laptop,44,518,Supplier_B,470,6,0.88
2025-09-22,Laptop,34,474,Supplier_A,500,4,0.95
2025-09-23,Laptop,45,440,Supplier_B,470,6,0.88
2025-09-24,Laptop,47,395,Supplier_C,530,3,0.97
2025-09-25,Laptop,37,348,Supplier_A,500,4,0.95
2025-09-26,Laptop,36,311,Supplier_C,530,3,0.97
2025-09-27,Laptop,40,275,Supplier_C,530,3,0.97
2025-09-28,Laptop,34,235,Supplier_B,470,6,0.88
2025-09-29,Laptop,39,201,Supplier_A,500,4,0.95
2025-09-30,Laptop,52,482,Supplier_C,530,3,0.97
2025-10-01,Laptop,46,430,Supplier_A,500,4,0.95
2025-10-02,Laptop,50,384,Supplier_B,470,6,0.88
2025-10-03,Laptop,40,334,Supplier_B,470,6,0.88
2025-10-04,Laptop,27,294,Supplier_A,500,4,0.95
2025-10-05,Laptop,32,267,Supplier_B,470,6,0.88
2025-10-06,Laptop,35,235,Supplier_B,470,6,0.88
2025-10-07,Laptop,40,200,Supplier_A,500,4,0.95
2025-10-08,Laptop,50,480,Supplier_C,530,3,0.97
2025-10-09,Laptop,50,430,Supplier_C,530,3,0.97
2025-10-10,Laptop,38,380,Supplier_B,470,6,0.88
2025-10-11,Laptop,43,342,Supplier_C,530,3,0.97
2025-10-12,Laptop,40,299,Supplier_B,470,6,0.88
2025-10-13,Laptop,40,259,Supplier_A,500,4,0.95
2025-10-14,Laptop,41,219,Supplier_C,530,3,0.97
2025-10-15,Laptop,58,498,Supplier_C,530,3,0.97
2025-10-16,Laptop,45,440,Supplier_C,530,3,0.97
2025-10-17,Laptop,43,395,Supplier_C,530,3,0.97
2025-10-18,Laptop,35,352,Supplier_B,470,6,0.88
2025-10-19,Laptop,39,317,Supplier_B,470,6,0.88
2025-10-20,Laptop,47,278,Supplier_C,530,3,0.97
2025-10-21,Laptop,50,231,Supplier_C,530,3,0.97
2025-10-22,Laptop,47,501,Supplier_A,500,4,0.95
2025-10-23,Laptop,40,454,Supplier_B,470,6,0.88
2025-10-24,Laptop,41,414,Supplier_B,470,6,0.88
2025-10-25,Laptop,33,373,Supplier_C,530,3,0.97
2025-10-26,Laptop,44,340,Supplier_A,500,4,0.95
2025-10-27,Laptop,41,296,Supplier_B,470,6,0.88
2025-10-28,Laptop,44,255,Supplier_A,500,4,0.95
2025-10-29,Laptop,49,211,Supplier_B,470,6,0.88
2025-10-30,Laptop,35,482,Supplier_B,470,6,0.88
2025-10-31,Laptop,43,447,Supplier_C,530,3,0.97
2025-11-01,Laptop,25,404,Supplier_C,530,3,0.97
2025-11-02,Laptop,39,379,Supplier_A,500,4,0.95
2025-11-03,Laptop,51,340,Supplier_C,530,3,0.97
2025-11-04,Laptop,39,289,Supplier_B,470,6,0.88
2025-11-05,Laptop,41,250,Supplier_A,500,4,0.95
2025-11-06,Laptop,45,209,Supplier_C,530,3,0.97
2025-11-07,Laptop,37,484,Supplier_B,470,6,0.88
2025-11-08,Laptop,39,447,Supplier_A,500,4,0.95
2025-11-09,Laptop,32,408,Supplier_A,500,4,0.95
2025-11-10,Laptop,36,376,Supplier_B,470,6,0.88
2025-11-11,Laptop,37,340,Supplier_B,470,6,0.88
2025-11-12,Laptop,44,303,Supplier_A,500,4,0.95
2025-11-13,Laptop,52,259,Supplier_A,500,4,0.95
2025-11-14,Laptop,37,207,Supplier_B,470,6,0.88
2025-11-15,Laptop,36,490,Supplier_C,530,3,0.97
2025-11-16,Laptop,41,454,Supplier_B,470,6,0.88
2025-11-17,Laptop,38,413,Supplier_A,500,4,0.95
2025-11-18,Laptop,39,375,Supplier_B,470,6,0.88
2025-11-19,Laptop,46,336,Supplier_C,530,3,0.97
2025-11-20,Laptop,42,290,Supplier_C,530,3,0.97
2025-11-21,Laptop,37,248,Supplier_C,530,3,0.97
2025-11-22,Laptop,34,211,Supplier_B,470,6,0.88
2025-11-23,Laptop,43,497,Supplier_B,470,6,0.88
2025-11-24,Laptop,38,454,Supplier_C,530,3,0.97
2025-11-25,Laptop,48,416,Supplier_C,530,3,0.97
2025-11-26,Laptop,41,368,Supplier_C,530,3,0.97
2025-11-27,Laptop,57,327,Supplier_A,500,4,0.95
2025-11-28,Laptop,42,270,Supplier_B,470,6,0.88
2025-11-29,Laptop,41,228,Supplier_C,530,3,0.97
2025-11-30,Laptop,23,507,Supplier_A,500,4,0.95
2025-12-01,Laptop,36,484,Supplier_C,530,3,0.97
2025-12-02,Laptop,47,448,Supplier_A,500,4,0.95
2025-12-03,Laptop,38,401,Supplier_A,500,4,0.95
2025-12-04,Laptop,43,363,Supplier_A,500,4,0.95
2025-12-05,Laptop,42,320,Supplier_A,500,4,0.95
2025-12-06,Laptop,37,278,Supplier_B,470,6,0.88
2025-12-07,Laptop,35,241,Supplier_B,470,6,0.88
2025-12-08,Laptop,35,206,Supplier_C,530,3,0.97
2025-12-09,Laptop,42,491,Supplier_C,530,3,0.97
2025-12-10,Laptop,53,449,Supplier_B,470,6,0.88
2025-12-11,Laptop,38,396,Supplier_B,470,6,0.88
2025-12-12,Laptop,30,358,Supplier_B,470,6,0.88
2025-12-13,Laptop,34,328,Supplier_B,470,6,0.88
2025-12-14,Laptop,27,294,Supplier_A,500,4,0.95
2025-12-15,Laptop,37,267,Supplier_B,470,6,0.88
2025-12-16,Laptop,38,230,Supplier_C,530,3,0.97
2025-12-17,Laptop,46,512,Supplier_C,530,3,0.97
2025-12-18,Laptop,46,466,Supplier_C,530,3,0.97
2025-12-19,Laptop,34,420,Supplier_B,470,6,0.88
2025-12-20,Laptop,37,386,Supplier_C,530,3,0.97
2025-12-21,Laptop,38,349,Supplier_C,530,3,0.97
2025-12-22,Laptop,43,311,Supplier_B,470,6,0.88
2025-12-23,Laptop,49,268,Supplier_B,470,6,0.88
2025-12-24,Laptop,42,219,Supplier_B,470,6,0.88
2025-12-25,Laptop,38,497,Supplier_A,500,4,0.95
2025-12-26,Laptop,28,459,Supplier_A,500,4,0.95
2025-12-27,Laptop,43,431,Supplier_B,470,6,0.88
2025-12-28,Laptop,36,388,Supplier_B,470,6,0.88
2025-12-29,Laptop,34,352,Supplier_A,500,4,0.95
2025-12-30,Laptop,45,318,Supplier_C,530,3,0.97
2025-12-31,Laptop,37,273,Supplier_B,470,6,0.88
2025-01-01,Smartphone,90,700,Supplier_A,500,4,0.95
2025-01-02,Smartphone,83,610,Supplier_A,500,4,0.95
2025-01-03,Smartphone,60,527,Supplier_C,530,3,0.97
2025-01-04,Smartphone,69,467,Supplier_C,530,3,0.97
2025-01-05,Smartphone,68,398,Supplier_C,530,3,0.97
2025-01-06,Smartphone,49,890,Supplier_B,470,6,0.88
2025-01-07,Smartphone,71,841,Supplier_C,530,3,0.97
2025-01-08,Smartphone,81,770,Supplier_C,530,3,0.97
2025-01-09,Smartphone,75,689,Supplier_C,530,3,0.97
2025-01-10,Smartphone,66,614,Supplier_A,500,4,0.95
2025-01-11,Smartphone,62,548,Supplier_C,530,3,0.97
2025-01-12,Smartphone,56,486,Supplier_B,470,6,0.88
2025-01-13,Smartphone,74,430,Supplier_C,530,3,0.97
2025-01-14,Smartphone,81,356,Supplier_C,530,3,0.97
2025-01-15,Smartphone,76,835,Supplier_B,470,6,0.88
2025-01-16,Smartphone,56,759,Supplier_A,500,4,0.95
2025-01-17,Smartphone,68,703,Supplier_B,470,6,0.88
2025-01-18,Smartphone,69,635,Supplier_C,530,3,0.97
2025-01-19,Smartphone,58,566,Supplier_B,470,6,0.88
2025-01-20,Smartphone,72,508,Supplier_A,500,4,0.95
2025-01-21,Smartphone,84,436,Supplier_C,530,3,0.97
2025-01-22,Smartphone,97,352,Supplier_A,500,4,0.95
2025-01-23,Smartphone,61,815,Supplier_A,500,4,0.95
2025-01-24,Smartphone,71,754,Supplier_A,500,4,0.95
2025-01-25,Smartphone,40,683,Supplier_C,530,3,0.97
2025-01-26,Smartphone,42,643,Supplier_C,530,3,0.97
2025-01-27,Smartphone,82,601,Supplier_C,530,3,0.97
2025-01-28,Smartphone,85,519,Supplier_C,530,3,0.97
2025-01-29,Smartphone,89,434,Supplier_C,530,3,0.97
2025-01-30,Smartphone,79,905,Supplier_C,530,3,0.97
2025-01-31,Smartphone,84,826,Supplier_C,530,3,0.97
2025-02-01,Smartphone,55,742,Supplier_A,500,4,0.95
2025-02-02,Smartphone,65,687,Supplier_A,500,4,0.95
2025-02-03,Smartphone,76,622,Supplier_B,470,6,0.88
2025-02-04,Smartphone,71,546,Supplier_B,470,6,0.88
2025-02-05,Smartphone,79,475,Supplier_B,470,6,0.88
2025-02-06,Smartphone,90,396,Supplier_A,500,4,0.95
2025-02-07,Smartphone,66,866,Supplier_C,530,3,0.97
2025-02-08,Smartphone,51,800,Supplier_A,500,4,0.95
2025-02-09,Smartphone,59,749,Supplier_A,500,4,0.95
2025-02-10,Smartphone,61,690,Supplier_A,500,4,0.95
2025-02-11,Smartphone,56,629,Supplier_A,500,4,0.95
2025-02-12,Smartphone,76,573,Supplier_B,470,6,0.88
2025-02-13,Smartphone,74,497,Supplier_B,470,6,0.88
2025-02-14,Smartphone,64,423,Supplier_C,530,3,0.97
2025-02-15,Smartphone,69,359,Supplier_B,470,6,0.88
2025-02-16,Smartphone,64,850,Supplier_B,470,6,0.88
2025-02-17,Smartphone,60,786,Supplier_C,530,3,0.97
2025-02-18,Smartphone,72,726,Supplier_C,530,3,0.97
2025-02-19,Smartphone,87,654,Supplier_B,470,6,0.88
2025-02-20,Smartphone,61,567,Supplier_A,500,4,0.95
2025-02-21,Smartphone,72,506,Supplier_C,530,3,0.97
2025-02-22,Smartphone,51,434,Supplier_A,500,4,0.95
2025-02-23,Smartphone,63,383,Supplier_B,470,6,0.88
2025-02-24,Smartphone,73,880,Supplier_A,500,4,0.95
2025-02-25,Smartphone,94,807,Supplier_B,470,6,0.88
2025-02-26,Smartphone,91,713,Supplier_C,530,3,0.97
2025-02-27,Smartphone,76,622,Supplier_B,470,6,0.88
2025-02-28,Smartphone,66,546,Supplier_C,530,3,0.97
2025-03-01,Smartphone,51,480,Supplier_A,500,4,0.95
2025-03-02,Smartphone,60,429,Supplier_B,470,6,0.88
2025-03-03,Smartphone,91,369,Supplier_A,500,4,0.95
2025-03-04,Smartphone,82,838,Supplier_C,530,3,0.97
2025-03-05,Smartphone,78,756,Supplier_A,500,4,0.95
2025-03-06,Smartphone,70,678,Supplier_A,500,4,0.95
2025-03-07,Smartphone,57,608,Supplier_A,500,4,0.95
2025-03-08,Smartphone,61,551,Supplier_B,470,6,0.88
2025-03-09,Smartphone,59,490,Supplier_B,470,6,0.88
2025-03-10,Smartphone,75,431,Supplier_C,530,3,0.97
2025-03-11,Smartphone,75,356,Supplier_C,530,3,0.97
2025-03-12,Smartphone,94,841,Supplier_C,530,3,0.97
2025-03-13,Smartphone,65,747,Supplier_A,500,4,0.95
2025-03-14,Smartphone,64,682,Supplier_C,530,3,0.97
2025-03-15,Smartphone,68,618,Supplier_C,530,3,0.97
2025-03-16,Smartphone,55,550,Supplier_B,470,6,0.88
2025-03-17,Smartphone,64,495,Supplier_A,500,4,0.95
2025-03-18,Smartphone,72,431,Supplier_C,530,3,0.97
2025-03-19,Smartphone,79,359,Supplier_B,470,6,0.88
2025-03-20,Smartphone,78,840,Supplier_B,470,6,0.88
2025-03-21,Smartphone,87,762,Supplier_A,500,4,0.95
2025-03-22,Smartphone,60,675,Supplier_B,470,6,0.88
2025-03-23,Smartphone,55,615,Supplier_C,530,3,0.97
2025-03-24,Smartphone,75,560,Supplier_B,470,6,0.88
2025-03-25,Smartphone,73,485,Supplier_A,500,4,0.95
2025-03-26,Smartphone,75,412,Supplier_A,500,4,0.95
2025-03-27,Smartphone,96,897,Supplier_B,470,6,0.88
2025-03-28,Smartphone,56,801,Supplier_A,500,4,0.95
2025-03-29,Smartphone,57,745,Supplier_B,470,6,0.88
2025-03-30,Smartphone,74,688,Supplier_B,470,6,0.88
2025-03-31,Smartphone,52,614,Supplier_B,470,6,0.88
2025-04-01,Smartphone,67,562,Supplier_C,530,3,0.97
2025-04-02,Smartphone,77,495,Supplier_A,500,4,0.95
2025-04-03,Smartphone,71,418,Supplier_C,530,3,0.97
2025-04-04,Smartphone,64,907,Supplier_B,470,6,0.88
2025-04-05,Smartphone,64,843,Supplier_C,530,3,0.97
2025-04-06,Smartphone,52,779,Supplier_C,530,3,0.97
2025-04-07,Smartphone,84,727,Supplier_C,530,3,0.97
2025-04-08,Smartphone,82,643,Supplier_A,500,4,0.95
2025-04-09,Smartphone,73,561,Supplier_A,500,4,0.95
2025-04-10,Smartphone,60,488,Supplier_C,530,3,0.97
2025-04-11,Smartphone,68,428,Supplier_C,530,3,0.97
2025-04-12,Smartphone,81,360,Supplier_A,500,4,0.95
2025-04-13,Smartphone,63,839,Supplier_C,530,3,0.97
2025-04-14,Smartphone,78,776,Supplier_C,530,3,0.97
2025-04-15,Smartphone,79,698,Supplier_B,470,6,0.88
2025-04-16,Smartphone,90,619,Supplier_A,500,4,0.95
2025-04-17,Smartphone,78,529,Supplier_B,470,6,0.88
2025-04-18,Smartphone,59,451,Supplier_B,470,6,0.88
2025-04-19,Smartphone,51,392,Supplier_C,530,3,0.97
2025-04-20,Smartphone,73,901,Supplier_A,500,4,0.95
2025-04-21,Smartphone,76,828,Supplier_C,530,3,0.97
2025-04-22,Smartphone,89,752,Supplier_A,500,4,0.95
2025-04-23,Smartphone,88,663,Supplier_C,530,3,0.97
2025-04-24,Smartphone,61,575,Supplier_C,530,3,0.97
2025-04-25,Smartphone,75,514,Supplier_B,470,6,0.88
2025-04-26,Smartphone,56,439,Supplier_A,500,4,0.95
2025-04-27,Smartphone,60,383,Supplier_A,500,4,0.95
2025-04-28,Smartphone,80,883,Supplier_B,470,6,0.88
2025-04-29,Smartphone,59,803,Supplier_A,500,4,0.95
2025-04-30,Smartphone,82,744,Supplier_B,470,6,0.88
2025-05-01,Smartphone,73,662,Supplier_A,500,4,0.95
2025-05-02,Smartphone,65,589,Supplier_B,470,6,0.88
2025-05-03,Smartphone,69,524,Supplier_C,530,3,0.97
2025-05-04,Smartphone,58,455,Supplier_C,530,3,0.97
2025-05-05,Smartphone,81,397,Supplier_A,500,4,0.95
2025-05-06,Smartphone,80,876,Supplier_A,500,4,0.95
2025-05-07,Smartphone,65,796,Supplier_A,500,4,0.95
2025-05-08,Smartphone,69,731,Supplier_C,530,3,0.97
2025-05-09,Smartphone,61,662,Supplier_B,470,6,0.88
2025-05-10,Smartphone,59,601,Supplier_A,500,4,0.95
2025-05-11,Smartphone,64,542,Supplier_B,470,6,0.88
2025-05-12,Smartphone,56,478,Supplier_A,500,4,0.95
2025-05-13,Smartphone,82,422,Supplier_A,500,4,0.95
2025-05-14,Smartphone,88,900,Supplier_C,530,3,0.97
2025-05-15,Smartphone,78,812,Supplier_A,500,4,0.95
2025-05-16,Smartphone,79,734,Supplier_A,500,4,0.95
2025-05-17,Smartphone,72,655,Supplier_A,500,4,0.95
2025-05-18,Smartphone,46,583,Supplier_B,470,6,0.88
2025-05-19,Smartphone,59,537,Supplier_B,470,6,0.88
2025-05-20,Smartphone,75,478,Supplier_C,530,3,0.97
2025-05-21,Smartphone,81,403,Supplier_B,470,6,0.88
2025-05-22,Smartphone,81,882,Supplier_C,530,3,0.97
2025-05-23,Smartphone,64,801,Supplier_C,530,3,0.97
2025-05-24,Smartphone,64,737,Supplier_C,530,3,0.97
2025-05-25,Smartphone,62,673,Supplier_C,530,3,0.97
2025-05-26,Smartphone,55,611,Supplier_C,530,3,0.97
2025-05-27,Smartphone,77,556,Supplier_C,530,3,0.97
2025-05-28,Smartphone,75,479,Supplier_B,470,6,0.88
2025-05-29,Smartphone,75,404,Supplier_C,530,3,0.97
2025-05-30,Smartphone,51,889,Supplier_B,470,6,0.88
2025-05-31,Smartphone,68,838,Supplier_B,470,6,0.88
2025-06-01,Smartphone,61,770,Supplier_C,530,3,0.97
2025-06-02,Smartphone,84,709,Supplier_B,470,6,0.88
2025-06-03,Smartphone,71,625,Supplier_B,470,6,0.88
2025-06-04,Smartphone,79,554,Supplier_A,500,4,0.95
2025-06-05,Smartphone,82,475,Supplier_A,500,4,0.95
2025-06-06,Smartphone,60,393,Supplier_A,500,4,0.95
2025-06-07,Smartphone,65,893,Supplier_A,500,4,0.95
2025-06-08,Smartphone,70,828,Supplier_C,530,3,0.97
2025-06-09,Smartphone,75,758,Supplier_A,500,4,0.95
2025-06-10,Smartphone,89,683,Supplier_C,530,3,0.97
2025-06-11,Smartphone,87,594,Supplier_A,500,4,0.95
2025-06-12,Smartphone,86,507,Supplier_B,470,6,0.88
2025-06-13,Smartphone,52,421,Supplier_B,470,6,0.88
2025-06-14,Smartphone,59,369,Supplier_A,500,4,0.95
2025-06-15,Smartphone,65,870,Supplier_C,530,3,0.97
2025-06-16,Smartphone,71,805,Supplier_B,470,6,0.88
2025-06-17,Smartphone,85,734,Supplier_B,470,6,0.88
2025-06-18,Smartphone,81,649,Supplier_C,530,3,0.97
2025-06-19,Smartphone,65,568,Supplier_B,470,6,0.88
2025-06-20,Smartphone,74,503,Supplier_C,530,3,0.97
2025-06-21,Smartphone,59,429,Supplier_B,470,6,0.88
2025-06-22,Smartphone,67,370,Supplier_C,530,3,0.97
2025-06-23,Smartphone,81,863,Supplier_C,530,3,0.97
2025-06-24,Smartphone,55,782,Supplier_A,500,4,0.95
2025-06-25,Smartphone,69,727,Supplier_A,500,4,0.95
2025-06-26,Smartphone,86,658,Supplier_B,470,6,0.88
2025-06-27,Smartphone,66,572,Supplier_B,470,6,0.88
2025-06-28,Smartphone,68,506,Supplier_C,530,3,0.97
2025-06-29,Smartphone,73,438,Supplier_A,500,4,0.95
2025-06-30,Smartphone,54,365,Supplier_A,500,4,0.95
2025-07-01,Smartphone,88,871,Supplier_A,500,4,0.95
2025-07-02,Smartphone,87,783,Supplier_A,500,4,0.95
2025-07-03,Smartphone,63,696,Supplier_C,530,3,0.97
2025-07-04,Smartphone,70,633,Supplier_C,530,3,0.97
2025-07-05,Smartphone,60,563,Supplier_C,530,3,0.97
2025-07-06,Smartphone,70,503,Supplier_C,530,3,0.97
2025-07-07,Smartphone,65,433,Supplier_A,500,4,0.95
2025-07-08,Smartphone,90,368,Supplier_A,500,4,0.95
2025-07-09,Smartphone,66,838,Supplier_A,500,4,0.95
2025-07-10,Smartphone,79,772,Supplier_B,470,6,0.88
2025-07-11,Smartphone,63,693,Supplier_A,500,4,0.95
2025-07-12,Smartphone,54,630,Supplier_A,500,4,0.95
2025-07-13,Smartphone,58,576,Supplier_B,470,6,0.88
2025-07-14,Smartphone,67,518,Supplier_B,470,6,0.88
2025-07-15,Smartphone,82,451,Supplier_A,500,4,0.95
2025-07-16,Smartphone,86,369,Supplier_A,500,4,0.95
2025-07-17,Smartphone,78,843,Supplier_C,530,3,0.97
2025-07-18,Smartphone,63,765,Supplier_A,500,4,0.95
2025-07-19,Smartphone,57,702,Supplier_C,530,3,0.97
2025-07-20,Smartphone,54,645,Supplier_B,470,6,0.88
2025-07-21,Smartphone,64,591,Supplier_B,470,6,0.88
2025-07-22,Smartphone,84,527,Supplier_C,530,3,0.97
2025-07-23,Smartphone,99,443,Supplier_A,500,4,0.95
2025-07-24,Smartphone,68,904,Supplier_C,530,3,0.97
2025-07-25,Smartphone,66,836,Supplier_A,500,4,0.95
2025-07-26,Smartphone,63,770,Supplier_C,530,3,0.97
2025-07-27,Smartphone,48,707,Supplier_B,470,6,0.88
2025-07-28,Smartphone,70,659,Supplier_A,500,4,0.95
2025-07-29,Smartphone,72,589,Supplier_C,530,3,0.97
2025-07-30,Smartphone,75,517,Supplier_B,470,6,0.88
2025-07-31,Smartphone,78,442,Supplier_C,530,3,0.97
2025-08-01,Smartphone,75,364,Supplier_A,500,4,0.95
2025-08-02,Smartphone,80,849,Supplier_A,500,4,0.95
2025-08-03,Smartphone,65,769,Supplier_A,500,4,0.95
2025-08-04,Smartphone,70,704,Supplier_B,470,6,0.88
2025-08-05,Smartphone,63,634,Supplier_B,470,6,0.88
2025-08-06,Smartphone,99,571,Supplier_A,500,4,0.95
2025-08-07,Smartphone,68,472,Supplier_C,530,3,0.97
2025-08-08,Smartphone,64,404,Supplier_C,530,3,0.97
2025-08-09,Smartphone,69,900,Supplier_C,530,3,0.97
2025-08-10,Smartphone,66,831,Supplier_A,500,4,0.95
2025-08-11,Smartphone,79,765,Supplier_C,530,3,0.97
2025-08-12,Smartphone,76,686,Supplier_C,530,3,0.97
2025-08-13,Smartphone,73,610,Supplier_B,470,6,0.88
2025-08-14,Smartphone,81,537,Supplier_B,470,6,0.88
2025-08-15,Smartphone,57,456,Supplier_B,470,6,0.88
2025-08-16,Smartphone,55,399,Supplier_A,500,4,0.95
2025-08-17,Smartphone,63,904,Supplier_B,470,6,0.88
2025-08-18,Smartphone,40,841,Supplier_A,500,4,0.95
2025-08-19,Smartphone,70,801,Supplier_C,530,3,0.97
2025-08-20,Smartphone,76,731,Supplier_B,470,6,0.88
2025-08-21,Smartphone,83,655,Supplier_C,530,3,0.97
2025-08-22,Smartphone,68,572,Supplier_C,530,3,0.97
2025-08-23,Smartphone,65,504,Supplier_A,500,4,0.95
2025-08-24,Smartphone,59,439,Supplier_A,500,4,0.95
2025-08-25,Smartphone,67,380,Supplier_C,530,3,0.97
2025-08-26,Smartphone,80,873,Supplier_C,530,3,0.97
2025-08-27,Smartphone,74,793,Supplier_A,500,4,0.95
2025-08-28,Smartphone,71,719,Supplier_B,470,6,0.88
2025-08-29,Smartphone,58,648,Supplier_C,530,3,0.97
2025-08-30,Smartphone,62,590,Supplier_B,470,6,0.88
2025-08-31,Smartphone,58,528,Supplier_A,500,4,0.95
2025-09-01,Smartphone,68,470,Supplier_A,500,4,0.95
2025-09-02,Smartphone,78,402,Supplier_B,470,6,0.88
2025-09-03,Smartphone,85,884,Supplier_C,530,3,0.97
2025-09-04,Smartphone,58,799,Supplier_B,470,6,0.88
2025-09-05,Smartphone,70,741,Supplier_C,530,3,0.97
2025-09-06,Smartphone,77,671,Supplier_B,470,6,0.88
2025-09-07,Smartphone,71,594,Supplier_C,530,3,0.97
2025-09-08,Smartphone,68,523,Supplier_B,470,6,0.88
2025-09-09,Smartphone,84,455,Supplier_B,470,6,0.88
2025-09-10,Smartphone,85,371,Supplier_C,530,3,0.97
2025-09-11,Smartphone,78,846,Supplier_A,500,4,0.95
2025-09-12,Smartphone,60,768,Supplier_B,470,6,0.88
2025-09-13,Smartphone,53,708,Supplier_C,530,3,0.97
2025-09-14,Smartphone,61,655,Supplier_B,470,6,0.88
2025-09-15,Smartphone,73,594,Supplier_C,530,3,0.97
2025-09-16,Smartphone,73,521,Supplier_A,500,4,0.95
2025-09-17,Smartphone,93,448,Supplier_B,470,6,0.88
2025-09-18,Smartphone,74,355,Supplier_C,530,3,0.97
2025-09-19,Smartphone,51,841,Supplier_A,500,4,0.95
2025-09-20,Smartphone,56,790,Supplier_A,500,4,0.95
2025-09-21,Smartphone,72,734,Supplier_C,530,3,0.97
2025-09-22,Smartphone,70,662,Supplier_B,470,6,0.88
2025-09-23,Smartphone,72,592,Supplier_C,530,3,0.97
2025-09-24,Smartphone,86,520,Supplier_C,530,3,0.97
2025-09-25,Smartphone,59,434,Supplier_B,470,6,0.88
2025-09-26,Smartphone,60,375,Supplier_B,470,6,0.88
2025-09-27,Smartphone,53,875,Supplier_A,500,4,0.95
2025-09-28,Smartphone,56,822,Supplier_A,500,4,0.95
2025-09-29,Smartphone,74,766,Supplier_C,530,3,0.97
2025-09-30,Smartphone,92,692,Supplier_B,470,6,0.88
2025-10-01,Smartphone,78,600,Supplier_B,470,6,0.88
2025-10-02,Smartphone,64,522,Supplier_C,530,3,0.97
2025-10-03,Smartphone,57,458,Supplier_A,500,4,0.95
2025-10-04,Smartphone,62,401,Supplier_B,470,6,0.88
2025-10-05,Smartphone,72,899,Supplier_A,500,4,0.95
2025-10-06,Smartphone,74,827,Supplier_B,470,6,0.88
2025-10-07,Smartphone,72,753,Supplier_B,470,6,0.88
2025-10-08,Smartphone,95,681,Supplier_A,500,4,0.95
2025-10-09,Smartphone,78,586,Supplier_A,500,4,0.95
2025-10-10,Smartphone,57,508,Supplier_A,500,4,0.95
2025-10-11,Smartphone,47,451,Supplier_A,500,4,0.95
2025-10-12,Smartphone,78,404,Supplier_A,500,4,0.95
2025-10-13,Smartphone,66,886,Supplier_C,530,3,0.97
2025-10-14,Smartphone,57,820,Supplier_B,470,6,0.88
2025-10-15,Smartphone,88,763,Supplier_A,500,4,0.95
2025-10-16,Smartphone,65,675,Supplier_B,470,6,0.88
2025-10-17,Smartphone,67,610,Supplier_C,530,3,0.97
2025-10-18,Smartphone,63,543,Supplier_A,500,4,0.95
2025-10-19,Smartphone,61,480,Supplier_B,470,6,0.88
2025-10-20,Smartphone,60,419,Supplier_A,500,4,0.95
2025-10-21,Smartphone,76,359,Supplier_A,500,4,0.95
2025-10-22,Smartphone,80,843,Supplier_B,470,6,0.88
2025-10-23,Smartphone,83,763,Supplier_B,470,6,0.88
2025-10-24,Smartphone,66,680,Supplier_A,500,4,0.95
2025-10-25,Smartphone,55,614,Supplier_C,530,3,0.97
2025-10-26,Smartphone,70,559,Supplier_B,470,6,0.88
2025-10-27,Smartphone,77,489,Supplier_B,470,6,0.88
2025-10-28,Smartphone,82,412,Supplier_C,530,3,0.97
2025-10-29,Smartphone,83,890,Supplier_A,500,4,0.95
2025-10-30,Smartphone,75,807,Supplier_C,530,3,0.97
2025-10-31,Smartphone,67,732,Supplier_A,500,4,0.95
2025-11-01,Smartphone,67,665,Supplier_C,530,3,0.97
2025-11-02,Smartphone,48,598,Supplier_B,470,6,0.88
2025-11-03,Smartphone,77,550,Supplier_B,470,6,0.88
2025-11-04,Smartphone,82,473,Supplier_C,530,3,0.97
2025-11-05,Smartphone,91,391,Supplier_C,530,3,0.97
2025-11-06,Smartphone,80,860,Supplier_B,470,6,0.88
2025-11-07,Smartphone,82,780,Supplier_B,470,6,0.88
2025-11-08,Smartphone,58,698,Supplier_C,530,3,0.97
2025-11-09,Smartphone,74,640,Supplier_A,500,4,0.95
2025-11-10,Smartphone,68,566,Supplier_B,470,6,0.88
2025-11-11,Smartphone,68,498,Supplier_B,470,6,0.88
2025-11-12,Smartphone,94,430,Supplier_A,500,4,0.95
2025-11-13,Smartphone,83,896,Supplier_A,500,4,0.95
2025-11-14,Smartphone,52,813,Supplier_B,470,6,0.88
2025-11-15,Smartphone,68,761,Supplier_A,500,4,0.95
2025-11-16,Smartphone,66,693,Supplier_C,530,3,0.97
2025-11-17,Smartphone,65,627,Supplier_C,530,3,0.97
2025-11-18,Smartphone,67,562,Supplier_A,500,4,0.95
2025-11-19,Smartphone,90,495,Supplier_C,530,3,0.97
2025-11-20,Smartphone,65,405,Supplier_C,530,3,0.97
2025-11-21,Smartphone,70,900,Supplier_A,500,4,0.95
2025-11-22,Smartphone,57,830,Supplier_B,470,6,0.88
2025-11-23,Smartphone,47,773,Supplier_A,500,4,0.95
2025-11-24,Smartphone,77,726,Supplier_A,500,4,0.95
2025-11-25,Smartphone,85,649,Supplier_B,470,6,0.88
2025-11-26,Smartphone,82,564,Supplier_B,470,6,0.88
2025-11-27,Smartphone,83,482,Supplier_A,500,4,0.95
2025-11-28,Smartphone,78,399,Supplier_C,530,3,0.97
2025-11-29,Smartphone,46,881,Supplier_B,470,6,0.88
2025-11-30,Smartphone,66,835,Supplier_C,530,3,0.97
2025-12-01,Smartphone,79,769,Supplier_C,530,3,0.97
2025-12-02,Smartphone,70,690,Supplier_C,530,3,0.97
2025-12-03,Smartphone,68,620,Supplier_A,500,4,0.95
2025-12-04,Smartphone,85,552,Supplier_A,500,4,0.95
2025-12-05,Smartphone,64,467,Supplier_C,530,3,0.97
2025-12-06,Smartphone,55,403,Supplier_B,470,6,0.88
2025-12-07,Smartphone,73,908,Supplier_C,530,3,0.97
2025-12-08,Smartphone,58,835,Supplier_B,470,6,0.88
2025-12-09,Smartphone,90,777,Supplier_C,530,3,0.97
2025-12-10,Smartphone,74,687,Supplier_A,500,4,0.95
2025-12-11,Smartphone,73,613,Supplier_B,470,6,0.88
2025-12-12,Smartphone,63,540,Supplier_B,470,6,0.88
2025-12-13,Smartphone,52,477,Supplier_C,530,3,0.97
2025-12-14,Smartphone,71,425,Supplier_B,470,6,0.88
2025-12-15,Smartphone,55,354,Supplier_A,500,4,0.95
2025-12-16,Smartphone,81,859,Supplier_B,470,6,0.88
2025-12-17,Smartphone,79,778,Supplier_C,530,3,0.97
2025-12-18,Smartphone,63,699,Supplier_A,500,4,0.95
2025-12-19,Smartphone,75,636,Supplier_C,530,3,0.97
2025-12-20,Smartphone,46,561,Supplier_C,530,3,0.97
2025-12-21,Smartphone,59,515,Supplier_B,470,6,0.88
2025-12-22,Smartphone,70,456,Supplier_B,470,6,0.88
2025-12-23,Smartphone,67,386,Supplier_B,470,6,0.88
2025-12-24,Smartphone,78,879,Supplier_C,530,3,0.97
2025-12-25,Smartphone,64,801,Supplier_A,500,4,0.95
2025-12-26,Smartphone,59,737,Supplier_A,500,4,0.95
2025-12-27,Smartphone,48,678,Supplier_C,530,3,0.97
2025-12-28,Smartphone,68,630,Supplier_A,500,4,0.95
2025-12-29,Smartphone,80,562,Supplier_A,500,4,0.95
2025-12-30,Smartphone,81,482,Supplier_C,530,3,0.97
2025-12-31,Smartphone,83,401,Supplier_C,530,3,0.97
2025-01-01,Headphones,120,900,Supplier_B,470,6,0.88
2025-01-02,Headphones,120,780,Supplier_B,470,6,0.88
2025-01-03,Headphones,84,660,Supplier_B,470,6,0.88
2025-01-04,Headphones,69,576,Supplier_A,500,4,0.95
2025-01-05,Headphones,66,507,Supplier_A,500,4,0.95
2025-01-06,Headphones,96,1161,Supplier_A,500,4,0.95
2025-01-07,Headphones,119,1065,Supplier_A,500,4,0.95
2025-01-08,Headphones,111,946,Supplier_B,470,6,0.88
2025-01-09,Headphones,97,835,Supplier_A,500,4,0.95
2025-01-10,Headphones,89,738,Supplier_C,530,3,0.97
2025-01-11,Headphones,87,649,Supplier_B,470,6,0.88
2025-01-12,Headphones,48,562,Supplier_C,530,3,0.97
2025-01-13,Headphones,80,514,Supplier_B,470,6,0.88
2025-01-14,Headphones,104,1154,Supplier_A,500,4,0.95
2025-01-15,Headphones,95,1050,Supplier_A,500,4,0.95
2025-01-16,Headphones,101,955,Supplier_A,500,4,0.95
2025-01-17,Headphones,76,854,Supplier_B,470,6,0.88
2025-01-18,Headphones,82,778,Supplier_A,500,4,0.95
2025-01-19,Headphones,78,696,Supplier_B,470,6,0.88
2025-01-20,Headphones,89,618,Supplier_A,500,4,0.95
2025-01-21,Headphones,102,529,Supplier_A,500,4,0.95
2025-01-22,Headphones,104,1147,Supplier_C,530,3,0.97
2025-01-23,Headphones,97,1043,Supplier_A,500,4,0.95
2025-01-24,Headphones,88,946,Supplier_A,500,4,0.95
2025-01-25,Headphones,83,858,Supplier_A,500,4,0.95
2025-01-26,Headphones,67,775,Supplier_A,500,4,0.95
2025-01-27,Headphones,70,708,Supplier_B,470,6,0.88
2025-01-28,Headphones,110,638,Supplier_B,470,6,0.88
2025-01-29,Headphones,85,528,Supplier_A,500,4,0.95
2025-01-30,Headphones,105,1163,Supplier_A,500,4,0.95
2025-01-31,Headphones,81,1058,Supplier_C,530,3,0.97
2025-02-01,Headphones,71,977,Supplier_B,470,6,0.88
2025-02-02,Headphones,61,906,Supplier_B,470,6,0.88
2025-02-03,Headphones,79,845,Supplier_C,530,3,0.97
2025-02-04,Headphones,107,766,Supplier_A,500,4,0.95
2025-02-05,Headphones,110,659,Supplier_C,530,3,0.97
2025-02-06,Headphones,109,549,Supplier_B,470,6,0.88
2025-02-07,Headphones,81,1160,Supplier_B,470,6,0.88
2025-02-08,Headphones,62,1079,Supplier_A,500,4,0.95
2025-02-09,Headphones,92,1017,Supplier_B,470,6,0.88
2025-02-10,Headphones,107,925,Supplier_A,500,4,0.95
2025-02-11,Headphones,91,818,Supplier_A,500,4,0.95
2025-02-12,Headphones,114,727,Supplier_C,530,3,0.97
2025-02-13,Headphones,120,613,Supplier_B,470,6,0.88
2025-02-14,Headphones,85,493,Supplier_B,470,6,0.88
2025-02-15,Headphones,69,1128,Supplier_B,470,6,0.88
2025-02-16,Headphones,72,1059,Supplier_C,530,3,0.97
2025-02-17,Headphones,114,987,Supplier_A,500,4,0.95
2025-02-18,Headphones,101,873,Supplier_B,470,6,0.88
2025-02-19,Headphones,115,772,Supplier_A,500,4,0.95
2025-02-20,Headphones,96,657,Supplier_C,530,3,0.97
2025-02-21,Headphones,71,561,Supplier_C,530,3,0.97
2025-02-22,Headphones,87,490,Supplier_B,470,6,0.88
2025-02-23,Headphones,55,1123,Supplier_B,470,6,0.88
2025-02-24,Headphones,91,1068,Supplier_A,500,4,0.95
2025-02-25,Headphones,120,977,Supplier_C,530,3,0.97
2025-02-26,Headphones,113,857,Supplier_A,500,4,0.95
2025-02-27,Headphones,94,744,Supplier_C,530,3,0.97
2025-02-28,Headphones,85,650,Supplier_C,530,3,0.97
2025-03-01,Headphones,76,565,Supplier_A,500,4,0.95
2025-03-02,Headphones,64,489,Supplier_B,470,6,0.88
2025-03-03,Headphones,88,1145,Supplier_A,500,4,0.95
2025-03-04,Headphones,105,1057,Supplier_B,470,6,0.88
2025-03-05,Headphones,128,952,Supplier_C,530,3,0.97
2025-03-06,Headphones,96,824,Supplier_B,470,6,0.88
2025-03-07,Headphones,92,728,Supplier_B,470,6,0.88
2025-03-08,Headphones,66,636,Supplier_B,470,6,0.88
2025-03-09,Headphones,89,570,Supplier_A,500,4,0.95
2025-03-10,Headphones,78,481,Supplier_B,470,6,0.88
2025-03-11,Headphones,101,1123,Supplier_C,530,3,0.97
2025-03-12,Headphones,123,1022,Supplier_A,500,4,0.95
2025-03-13,Headphones,98,899,Supplier_B,470,6,0.88
2025-03-14,Headphones,75,801,Supplier_B,470,6,0.88
2025-03-15,Headphones,75,726,Supplier_A,500,4,0.95
2025-03-16,Headphones,84,651,Supplier_C,530,3,0.97
2025-03-17,Headphones,65,567,Supplier_C,530,3,0.97
2025-03-18,Headphones,128,502,Supplier_B,470,6,0.88
2025-03-19,Headphones,107,1094,Supplier_A,500,4,0.95
2025-03-20,Headphones,84,987,Supplier_A,500,4,0.95
2025-03-21,Headphones,89,903,Supplier_A,500,4,0.95
2025-03-22,Headphones,78,814,Supplier_A,500,4,0.95
2025-03-23,Headphones,82,736,Supplier_B,470,6,0.88
2025-03-24,Headphones,80,654,Supplier_C,530,3,0.97
2025-03-25,Headphones,89,574,Supplier_C,530,3,0.97
2025-03-26,Headphones,95,485,Supplier_B,470,6,0.88
2025-03-27,Headphones,98,1110,Supplier_A,500,4,0.95
2025-03-28,Headphones,71,1012,Supplier_A,500,4,0.95
2025-03-29,Headphones,74,941,Supplier_C,530,3,0.97
2025-03-30,Headphones,78,867,Supplier_A,500,4,0.95
2025-03-31,Headphones,101,789,Supplier_A,500,4,0.95
2025-04-01,Headphones,94,688,Supplier_C,530,3,0.97
2025-04-02,Headphones,93,594,Supplier_C,530,3,0.97
2025-04-03,Headphones,79,501,Supplier_B,470,6,0.88
2025-04-04,Headphones,87,1142,Supplier_A,500,4,0.95
2025-04-05,Headphones,75,1055,Supplier_B,470,6,0.88
2025-04-06,Headphones,107,980,Supplier_C,530,3,0.97
2025-04-07,Headphones,108,873,Supplier_B,470,6,0.88
2025-04-08,Headphones,110,765,Supplier_B,470,6,0.88
2025-04-09,Headphones,121,655,Supplier_C,530,3,0.97
2025-04-10,Headphones,91,534,Supplier_C,530,3,0.97
2025-04-11,Headphones,95,1163,Supplier_B,470,6,0.88
2025-04-12,Headphones,71,1068,Supplier_B,470,6,0.88
2025-04-13,Headphones,61,997,Supplier_B,470,6,0.88
2025-04-14,Headphones,96,936,Supplier_A,500,4,0.95
2025-04-15,Headphones,88,840,Supplier_A,500,4,0.95
2025-04-16,Headphones,95,752,Supplier_C,530,3,0.97
2025-04-17,Headphones,96,657,Supplier_B,470,6,0.88
2025-04-18,Headphones,75,561,Supplier_A,500,4,0.95
2025-04-19,Headphones,78,486,Supplier_B,470,6,0.88
2025-04-20,Headphones,72,1128,Supplier_B,470,6,0.88
2025-04-21,Headphones,78,1056,Supplier_B,470,6,0.88
2025-04-22,Headphones,108,978,Supplier_C,530,3,0.97
2025-04-23,Headphones,86,870,Supplier_C,530,3,0.97
2025-04-24,Headphones,81,784,Supplier_B,470,6,0.88
2025-04-25,Headphones,63,703,Supplier_B,470,6,0.88
2025-04-26,Headphones,70,640,Supplier_B,470,6,0.88
2025-04-27,Headphones,68,570,Supplier_B,470,6,0.88
2025-04-28,Headphones,96,502,Supplier_B,470,6,0.88
2025-04-29,Headphones,114,1126,Supplier_A,500,4,0.95
2025-04-30,Headphones,99,1012,Supplier_C,530,3,0.97
2025-05-01,Headphones,84,913,Supplier_A,500,4,0.95
2025-05-02,Headphones,80,829,Supplier_A,500,4,0.95
2025-05-03,Headphones,77,749,Supplier_B,470,6,0.88
2025-05-04,Headphones,92,672,Supplier_B,470,6,0.88
2025-05-05,Headphones,92,580,Supplier_A,500,4,0.95
2025-05-06,Headphones,97,488,Supplier_A,500,4,0.95
2025-05-07,Headphones,108,1111,Supplier_B,470,6,0.88
2025-05-08,Headphones,102,1003,Supplier_A,500,4,0.95
2025-05-09,Headphones,75,901,Supplier_A,500,4,0.95
2025-05-10,Headphones,62,826,Supplier_B,470,6,0.88
2025-05-11,Headphones,80,764,Supplier_C,530,3,0.97
2025-05-12,Headphones,97,684,Supplier_C,530,3,0.97
2025-05-13,Headphones,88,587,Supplier_B,470,6,0.88
2025-05-14,Headphones,79,499,Supplier_C,530,3,0.97
2025-05-15,Headphones,100,1140,Supplier_C,530,3,0.97
2025-05-16,Headphones,78,1040,Supplier_B,470,6,0.88
2025-05-17,Headphones,55,962,Supplier_C,530,3,0.97
2025-05-18,Headphones,92,907,Supplier_A,500,4,0.95
2025-05-19,Headphones,90,815,Supplier_C,530,3,0.97
2025-05-20,Headphones,99,725,Supplier_B,470,6,0.88
2025-05-21,Headphones,109,626,Supplier_B,470,6,0.88
2025-05-22,Headphones,102,517,Supplier_A,500,4,0.95
2025-05-23,Headphones,79,1135,Supplier_B,470,6,0.88
2025-05-24,Headphones,70,1056,Supplier_B,470,6,0.88
2025-05-25,Headphones,91,986,Supplier_A,500,4,0.95
2025-05-26,Headphones,95,895,Supplier_A,500,4,0.95
2025-05-27,Headphones,127,800,Supplier_B,470,6,0.88
2025-05-28,Headphones,99,673,Supplier_B,470,6,0.88
2025-05-29,Headphones,95,574,Supplier_A,500,4,0.95
2025-05-30,Headphones,69,479,Supplier_B,470,6,0.88
2025-05-31,Headphones,72,1130,Supplier_A,500,4,0.95
2025-06-01,Headphones,68,1058,Supplier_B,470,6,0.88
2025-06-02,Headphones,72,990,Supplier_A,500,4,0.95
2025-06-03,Headphones,100,918,Supplier_A,500,4,0.95
2025-06-04,Headphones,110,818,Supplier_A,500,4,0.95
2025-06-05,Headphones,90,708,Supplier_C,530,3,0.97
2025-06-06,Headphones,100,618,Supplier_C,530,3,0.97
2025-06-07,Headphones,90,518,Supplier_C,530,3,0.97
2025-06-08,Headphones,72,1148,Supplier_C,530,3,0.97
2025-06-09,Headphones,89,1076,Supplier_B,470,6,0.88
2025-06-10,Headphones,102,987,Supplier_A,500,4,0.95
2025-06-11,Headphones,99,885,Supplier_C,530,3,0.97
2025-06-12,Headphones,89,786,Supplier_A,500,4,0.95
2025-06-13,Headphones,79,697,Supplier_B,470,6,0.88
2025-06-14,Headphones,68,618,Supplier_A,500,4,0.95
2025-06-15,Headphones,73,550,Supplier_C,530,3,0.97
2025-06-16,Headphones,82,477,Supplier_A,500,4,0.95
2025-06-17,Headphones,92,1115,Supplier_B,470,6,0.88
2025-06-18,Headphones,91,1023,Supplier_C,530,3,0.97
2025-06-19,Headphones,93,932,Supplier_B,470,6,0.88
2025-06-20,Headphones,70,839,Supplier_C,530,3,0.97
2025-06-21,Headphones,91,769,Supplier_B,470,6,0.88
2025-06-22,Headphones,85,678,Supplier_B,470,6,0.88
2025-06-23,Headphones,98,593,Supplier_A,500,4,0.95
2025-06-24,Headphones,100,495,Supplier_C,530,3,0.97
2025-06-25,Headphones,101,1115,Supplier_A,500,4,0.95
2025-06-26,Headphones,89,1014,Supplier_C,530,3,0.97
2025-06-27,Headphones,88,925,Supplier_A,500,4,0.95
2025-06-28,Headphones,66,837,Supplier_C,530,3,0.97
2025-06-29,Headphones,79,771,Supplier_C,530,3,0.97
2025-06-30,Headphones,71,692,Supplier_A,500,4,0.95
2025-07-01,Headphones,100,621,Supplier_B,470,6,0.88
2025-07-02,Headphones,111,521,Supplier_C,530,3,0.97
2025-07-03,Headphones,82,1130,Supplier_A,500,4,0.95
2025-07-04,Headphones,95,1048,Supplier_B,470,6,0.88
2025-07-05,Headphones,80,953,Supplier_A,500,4,0.95
2025-07-06,Headphones,82,873,Supplier_A,500,4,0.95
2025-07-07,Headphones,82,791,Supplier_A,500,4,0.95
2025-07-08,Headphones,104,709,Supplier_A,500,4,0.95
2025-07-09,Headphones,101,605,Supplier_C,530,3,0.97
2025-07-10,Headphones,69,504,Supplier_B,470,6,0.88
2025-07-11,Headphones,83,1155,Supplier_A,500,4,0.95
2025-07-12,Headphones,69,1072,Supplier_A,500,4,0.95
2025-07-13,Headphones,81,1003,Supplier_C,530,3,0.97
2025-07-14,Headphones,83,922,Supplier_A,500,4,0.95
2025-07-15,Headphones,99,839,Supplier_C,530,3,0.97
2025-07-16,Headphones,99,740,Supplier_C,530,3,0.97
2025-07-17,Headphones,97,641,Supplier_A,500,4,0.95
2025-07-18,Headphones,69,544,Supplier_C,530,3,0.97
2025-07-19,Headphones,66,475,Supplier_C,530,3,0.97
2025-07-20,Headphones,67,1129,Supplier_A,500,4,0.95
2025-07-21,Headphones,70,1062,Supplier_B,470,6,0.88
2025-07-22,Headphones,91,992,Supplier_A,500,4,0.95
2025-07-23,Headphones,101,901,Supplier_C,530,3,0.97
2025-07-24,Headphones,88,800,Supplier_A,500,4,0.95
2025-07-25,Headphones,91,712,Supplier_B,470,6,0.88
2025-07-26,Headphones,67,621,Supplier_A,500,4,0.95
2025-07-27,Headphones,69,554,Supplier_A,500,4,0.95
2025-07-28,Headphones,89,485,Supplier_C,530,3,0.97
2025-07-29,Headphones,106,1116,Supplier_B,470,6,0.88
2025-07-30,Headphones,94,1010,Supplier_C,530,3,0.97
2025-07-31,Headphones,91,916,Supplier_B,470,6,0.88
2025-08-01,Headphones,99,825,Supplier_C,530,3,0.97
2025-08-02,Headphones,96,726,Supplier_B,470,6,0.88
2025-08-03,Headphones,75,630,Supplier_B,470,6,0.88
2025-08-04,Headphones,80,555,Supplier_C,530,3,0.97
2025-08-05,Headphones,97,475,Supplier_B,470,6,0.88
2025-08-06,Headphones,94,1098,Supplier_B,470,6,0.88
2025-08-07,Headphones,102,1004,Supplier_B,470,6,0.88
2025-08-08,Headphones,85,902,Supplier_A,500,4,0.95
2025-08-09,Headphones,76,817,Supplier_A,500,4,0.95
2025-08-10,Headphones,101,741,Supplier_A,500,4,0.95
2025-08-11,Headphones,99,640,Supplier_C,530,3,0.97
2025-08-12,Headphones,94,541,Supplier_C,530,3,0.97
2025-08-13,Headphones,112,1167,Supplier_A,500,4,0.95
2025-08-14,Headphones,87,1055,Supplier_B,470,6,0.88
2025-08-15,Headphones,89,968,Supplier_C,530,3,0.97
2025-08-16,Headphones,84,879,Supplier_C,530,3,0.97
2025-08-17,Headphones,68,795,Supplier_B,470,6,0.88
2025-08-18,Headphones,95,727,Supplier_B,470,6,0.88
2025-08-19,Headphones,104,632,Supplier_C,530,3,0.97
2025-08-20,Headphones,96,528,Supplier_B,470,6,0.88
2025-08-21,Headphones,96,1152,Supplier_A,500,4,0.95
2025-08-22,Headphones,68,1056,Supplier_B,470,6,0.88
2025-08-23,Headphones,101,988,Supplier_C,530,3,0.97
2025-08-24,Headphones,91,887,Supplier_C,530,3,0.97
2025-08-25,Headphones,91,796,Supplier_A,500,4,0.95
2025-08-26,Headphones,91,705,Supplier_A,500,4,0.95
2025-08-27,Headphones,101,614,Supplier_A,500,4,0.95
2025-08-28,Headphones,82,513,Supplier_A,500,4,0.95
2025-08-29,Headphones,80,1151,Supplier_C,530,3,0.97
2025-08-30,Headphones,83,1071,Supplier_B,470,6,0.88
2025-08-31,Headphones,65,988,Supplier_A,500,4,0.95
2025-09-01,Headphones,101,923,Supplier_B,470,6,0.88
2025-09-02,Headphones,87,822,Supplier_A,500,4,0.95
2025-09-03,Headphones,107,735,Supplier_A,500,4,0.95
2025-09-04,Headphones,113,628,Supplier_B,470,6,0.88
2025-09-05,Headphones,112,515,Supplier_B,470,6,0.88
2025-09-06,Headphones,80,1123,Supplier_B,470,6,0.88
2025-09-07,Headphones,82,1043,Supplier_B,470,6,0.88
2025-09-08,Headphones,98,961,Supplier_C,530,3,0.97
2025-09-09,Headphones,109,863,Supplier_C,530,3,0.97
2025-09-10,Headphones,102,754,Supplier_C,530,3,0.97
2025-09-11,Headphones,109,652,Supplier_A,500,4,0.95
2025-09-12,Headphones,81,543,Supplier_B,470,6,0.88
2025-09-13,Headphones,66,462,Supplier_B,470,6,0.88
2025-09-14,Headphones,61,1116,Supplier_A,500,4,0.95
2025-09-15,Headphones,105,1055,Supplier_B,470,6,0.88
2025-09-16,Headphones,84,950,Supplier_A,500,4,0.95
2025-09-17,Headphones,116,866,Supplier_A,500,4,0.95
2025-09-18,Headphones,97,750,Supplier_A,500,4,0.95
2025-09-19,Headphones,75,653,Supplier_B,470,6,0.88
2025-09-20,Headphones,71,578,Supplier_B,470,6,0.88
2025-09-21,Headphones,82,507,Supplier_C,530,3,0.97
2025-09-22,Headphones,87,1145,Supplier_B,470,6,0.88
2025-09-23,Headphones,101,1058,Supplier_B,470,6,0.88
2025-09-24,Headphones,96,957,Supplier_C,530,3,0.97
2025-09-25,Headphones,104,861,Supplier_A,500,4,0.95
2025-09-26,Headphones,73,757,Supplier_A,500,4,0.95
2025-09-27,Headphones,81,684,Supplier_B,470,6,0.88
2025-09-28,Headphones,80,603,Supplier_A,500,4,0.95
2025-09-29,Headphones,104,523,Supplier_B,470,6,0.88
2025-09-30,Headphones,92,1139,Supplier_B,470,6,0.88
2025-10-01,Headphones,83,1047,Supplier_C,530,3,0.97
2025-10-02,Headphones,101,964,Supplier_C,530,3,0.97
2025-10-03,Headphones,69,863,Supplier_C,530,3,0.97
2025-10-04,Headphones,65,794,Supplier_C,530,3,0.97
2025-10-05,Headphones,99,729,Supplier_C,530,3,0.97
2025-10-06,Headphones,99,630,Supplier_B,470,6,0.88
2025-10-07,Headphones,110,531,Supplier_A,500,4,0.95
2025-10-08,Headphones,97,1141,Supplier_B,470,6,0.88
2025-10-09,Headphones,83,1044,Supplier_C,530,3,0.97
2025-10-10,Headphones,78,961,Supplier_A,500,4,0.95
2025-10-11,Headphones,85,883,Supplier_C,530,3,0.97
2025-10-12,Headphones,82,798,Supplier_B,470,6,0.88
2025-10-13,Headphones,88,716,Supplier_C,530,3,0.97
2025-10-14,Headphones,111,628,Supplier_A,500,4,0.95
2025-10-15,Headphones,101,517,Supplier_A,500,4,0.95
2025-10-16,Headphones,66,1136,Supplier_A,500,4,0.95
2025-10-17,Headphones,75,1070,Supplier_B,470,6,0.88
2025-10-18,Headphones,71,995,Supplier_C,530,3,0.97
2025-10-19,Headphones,80,924,Supplier_B,470,6,0.88
2025-10-20,Headphones,91,844,Supplier_B,470,6,0.88
2025-10-21,Headphones,102,753,Supplier_A,500,4,0.95
2025-10-22,Headphones,106,651,Supplier_A,500,4,0.95
2025-10-23,Headphones,84,545,Supplier_C,530,3,0.97
2025-10-24,Headphones,83,461,Supplier_A,500,4,0.95
2025-10-25,Headphones,85,1098,Supplier_B,470,6,0.88
2025-10-26,Headphones,89,1013,Supplier_B,470,6,0.88
2025-10-27,Headphones,82,924,Supplier_B,470,6,0.88
2025-10-28,Headphones,113,842,Supplier_B,470,6,0.88
2025-10-29,Headphones,100,729,Supplier_A,500,4,0.95
2025-10-30,Headphones,90,629,Supplier_B,470,6,0.88
2025-10-31,Headphones,83,539,Supplier_B,470,6,0.88
2025-11-01,Headphones,55,456,Supplier_B,470,6,0.88
2025-11-02,Headphones,87,1121,Supplier_A,500,4,0.95
2025-11-03,Headphones,88,1034,Supplier_C,530,3,0.97
2025-11-04,Headphones,101,946,Supplier_B,470,6,0.88
2025-11-05,Headphones,106,845,Supplier_C,530,3,0.97
2025-11-06,Headphones,114,739,Supplier_C,530,3,0.97
2025-11-07,Headphones,96,625,Supplier_B,470,6,0.88
2025-11-08,Headphones,72,529,Supplier_A,500,4,0.95
2025-11-09,Headphones,83,457,Supplier_A,500,4,0.95
2025-11-10,Headphones,89,1094,Supplier_C,530,3,0.97
2025-11-11,Headphones,91,1005,Supplier_A,500,4,0.95
2025-11-12,Headphones,109,914,Supplier_C,530,3,0.97
2025-11-13,Headphones,99,805,Supplier_A,500,4,0.95
2025-11-14,Headphones,82,706,Supplier_A,500,4,0.95
2025-11-15,Headphones,68,624,Supplier_C,530,3,0.97
2025-11-16,Headphones,70,556,Supplier_B,470,6,0.88
2025-11-17,Headphones,100,486,Supplier_A,500,4,0.95
2025-11-18,Headphones,129,1106,Supplier_A,500,4,0.95
2025-11-19,Headphones,107,977,Supplier_A,500,4,0.95
2025-11-20,Headphones,103,870,Supplier_C,530,3,0.97
2025-11-21,Headphones,88,767,Supplier_B,470,6,0.88
2025-11-22,Headphones,96,679,Supplier_B,470,6,0.88
2025-11-23,Headphones,67,583,Supplier_A,500,4,0.95
2025-11-24,Headphones,58,516,Supplier_A,500,4,0.95
2025-11-25,Headphones,95,458,Supplier_C,530,3,0.97
2025-11-26,Headphones,124,1083,Supplier_A,500,4,0.95
2025-11-27,Headphones,86,959,Supplier_C,530,3,0.97
2025-11-28,Headphones,94,873,Supplier_B,470,6,0.88
2025-11-29,Headphones,74,779,Supplier_C,530,3,0.97
2025-11-30,Headphones,94,705,Supplier_C,530,3,0.97
2025-12-01,Headphones,66,611,Supplier_A,500,4,0.95
2025-12-02,Headphones,100,545,Supplier_B,470,6,0.88
2025-12-03,Headphones,115,1165,Supplier_B,470,6,0.88
2025-12-04,Headphones,87,1050,Supplier_C,530,3,0.97
2025-12-05,Headphones,87,963,Supplier_B,470,6,0.88
2025-12-06,Headphones,74,876,Supplier_B,470,6,0.88
2025-12-07,Headphones,76,802,Supplier_B,470,6,0.88
2025-12-08,Headphones,73,726,Supplier_B,470,6,0.88
2025-12-09,Headphones,120,653,Supplier_B,470,6,0.88
2025-12-10,Headphones,124,533,Supplier_C,530,3,0.97
2025-12-11,Headphones,96,1129,Supplier_C,530,3,0.97
2025-12-12,Headphones,93,1033,Supplier_B,470,6,0.88
2025-12-13,Headphones,68,940,Supplier_C,530,3,0.97
2025-12-14,Headphones,56,872,Supplier_B,470,6,0.88
2025-12-15,Headphones,88,816,Supplier_C,530,3,0.97
2025-12-16,Headphones,91,728,Supplier_B,470,6,0.88
2025-12-17,Headphones,100,637,Supplier_A,500,4,0.95
2025-12-18,Headphones,87,537,Supplier_A,500,4,0.95
2025-12-19,Headphones,96,450,Supplier_C,530,3,0.97
2025-12-20,Headphones,82,1074,Supplier_C,530,3,0.97
2025-12-21,Headphones,80,992,Supplier_B,470,6,0.88
2025-12-22,Headphones,99,912,Supplier_B,470,6,0.88
2025-12-23,Headphones,93,813,Supplier_C,530,3,0.97
2025-12-24,Headphones,114,720,Supplier_A,500,4,0.95
2025-12-25,Headphones,92,606,Supplier_B,470,6,0.88
2025-12-26,Headphones,89,514,Supplier_A,500,4,0.95
2025-12-27,Headphones,72,1145,Supplier_A,500,4,0.95
2025-12-28,Headphones,80,1073,Supplier_C,530,3,0.97
2025-12-29,Headphones,100,993,Supplier_B,470,6,0.88
2025-12-30,Headphones,93,893,Supplier_B,470,6,0.88
2025-12-31,Headphones,93,800,Supplier_A,500,4,0.95
2025-01-01,Keyboard,70,550,Supplier_C,530,3,0.97
2025-01-02,Keyboard,51,480,Supplier_B,470,6,0.88
2025-01-03,Keyboard,51,429,Supplier_A,500,4,0.95
2025-01-04,Keyboard,49,378,Supplier_C,530,3,0.97
2025-01-05,Keyboard,43,329,Supplier_A,500,4,0.95
2025-01-06,Keyboard,51,286,Supplier_C,530,3,0.97
2025-01-07,Keyboard,53,675,Supplier_A,500,4,0.95
2025-01-08,Keyboard,54,622,Supplier_B,470,6,0.88
2025-01-09,Keyboard,51,568,Supplier_B,470,6,0.88
2025-01-10,Keyboard,53,517,Supplier_A,500,4,0.95
2025-01-11,Keyboard,44,464,Supplier_C,530,3,0.97
2025-01-12,Keyboard,50,420,Supplier_A,500,4,0.95
2025-01-13,Keyboard,59,370,Supplier_A,500,4,0.95
2025-01-14,Keyboard,66,311,Supplier_B,470,6,0.88
2025-01-15,Keyboard,59,685,Supplier_B,470,6,0.88
2025-01-16,Keyboard,55,626,Supplier_B,470,6,0.88
2025-01-17,Keyboard,49,571,Supplier_B,470,6,0.88
2025-01-18,Keyboard,43,522,Supplier_B,470,6,0.88
2025-01-19,Keyboard,59,479,Supplier_A,500,4,0.95
2025-01-20,Keyboard,49,420,Supplier_C,530,3,0.97
2025-01-21,Keyboard,65,371,Supplier_A,500,4,0.95
2025-01-22,Keyboard,75,306,Supplier_A,500,4,0.95
2025-01-23,Keyboard,47,671,Supplier_A,500,4,0.95
2025-01-24,Keyboard,54,624,Supplier_C,530,3,0.97
2025-01-25,Keyboard,49,570,Supplier_C,530,3,0.97
2025-01-26,Keyboard,46,521,Supplier_C,530,3,0.97
2025-01-27,Keyboard,50,475,Supplier_C,530,3,0.97
2025-01-28,Keyboard,64,425,Supplier_A,500,4,0.95
2025-01-29,Keyboard,56,361,Supplier_C,530,3,0.97
2025-01-30,Keyboard,64,305,Supplier_B,470,6,0.88
2025-01-31,Keyboard,42,681,Supplier_A,500,4,0.95
2025-02-01,Keyboard,43,639,Supplier_A,500,4,0.95
2025-02-02,Keyboard,40,596,Supplier_C,530,3,0.97
2025-02-03,Keyboard,51,556,Supplier_B,470,6,0.88
2025-02-04,Keyboard,70,505,Supplier_A,500,4,0.95
2025-02-05,Keyboard,67,435,Supplier_A,500,4,0.95
2025-02-06,Keyboard,62,368,Supplier_C,530,3,0.97
2025-02-07,Keyboard,54,306,Supplier_C,530,3,0.97
2025-02-08,Keyboard,45,692,Supplier_C,530,3,0.97
2025-02-09,Keyboard,42,647,Supplier_B,470,6,0.88
2025-02-10,Keyboard,55,605,Supplier_B,470,6,0.88
2025-02-11,Keyboard,57,550,Supplier_B,470,6,0.88
2025-02-12,Keyboard,54,493,Supplier_C,530,3,0.97
2025-02-13,Keyboard,67,439,Supplier_C,530,3,0.97
2025-02-14,Keyboard,48,372,Supplier_A,500,4,0.95
2025-02-15,Keyboard,45,324,Supplier_A,500,4,0.95
2025-02-16,Keyboard,51,279,Supplier_C,530,3,0.97
2025-02-17,Keyboard,60,668,Supplier_A,500,4,0.95
2025-02-18,Keyboard,64,608,Supplier_C,530,3,0.97
2025-02-19,Keyboard,69,544,Supplier_C,530,3,0.97
2025-02-20,Keyboard,72,475,Supplier_A,500,4,0.95
2025-02-21,Keyboard,55,403,Supplier_B,470,6,0.88
2025-02-22,Keyboard,44,348,Supplier_B,470,6,0.88
2025-02-23,Keyboard,37,304,Supplier_B,470,6,0.88
2025-02-24,Keyboard,58,707,Supplier_C,530,3,0.97
2025-02-25,Keyboard,65,649,Supplier_C,530,3,0.97
2025-02-26,Keyboard,73,584,Supplier_B,470,6,0.88
2025-02-27,Keyboard,64,511,Supplier_A,500,4,0.95
2025-02-28,Keyboard,62,447,Supplier_C,530,3,0.97
2025-03-01,Keyboard,50,385,Supplier_B,470,6,0.88
2025-03-02,Keyboard,63,335,Supplier_A,500,4,0.95
2025-03-03,Keyboard,51,712,Supplier_C,530,3,0.97
2025-03-04,Keyboard,50,661,Supplier_B,470,6,0.88
2025-03-05,Keyboard,63,611,Supplier_A,500,4,0.95
2025-03-06,Keyboard,66,548,Supplier_A,500,4,0.95
2025-03-07,Keyboard,45,482,Supplier_A,500,4,0.95
2025-03-08,Keyboard,48,437,Supplier_A,500,4,0.95
2025-03-09,Keyboard,50,389,Supplier_A,500,4,0.95
2025-03-10,Keyboard,59,339,Supplier_B,470,6,0.88
2025-03-11,Keyboard,62,280,Supplier_A,500,4,0.95
2025-03-12,Keyboard,69,658,Supplier_C,530,3,0.97
2025-03-13,Keyboard,46,589,Supplier_B,470,6,0.88
2025-03-14,Keyboard,46,543,Supplier_C,530,3,0.97
2025-03-15,Keyboard,44,497,Supplier_A,500,4,0.95
2025-03-16,Keyboard,42,453,Supplier_B,470,6,0.88
2025-03-17,Keyboard,65,411,Supplier_A,500,4,0.95
2025-03-18,Keyboard,70,346,Supplier_A,500,4,0.95
2025-03-19,Keyboard,72,276,Supplier_B,470,6,0.88
2025-03-20,Keyboard,65,644,Supplier_A,500,4,0.95
2025-03-21,Keyboard,50,579,Supplier_A,500,4,0.95
2025-03-22,Keyboard,35,529,Supplier_A,500,4,0.95
2025-03-23,Keyboard,44,494,Supplier_B,470,6,0.88
2025-03-24,Keyboard,44,450,Supplier_A,500,4,0.95
2025-03-25,Keyboard,66,406,Supplier_C,530,3,0.97
2025-03-26,Keyboard,64,340,Supplier_B,470,6,0.88
2025-03-27,Keyboard,49,276,Supplier_C,530,3,0.97
2025-03-28,Keyboard,50,667,Supplier_A,500,4,0.95
2025-03-29,Keyboard,63,617,Supplier_A,500,4,0.95
2025-03-30,Keyboard,43,554,Supplier_B,470,6,0.88
2025-03-31,Keyboard,56,511,Supplier_A,500,4,0.95
2025-04-01,Keyboard,63,455,Supplier_B,470,6,0.88
2025-04-02,Keyboard,47,392,Supplier_B,470,6,0.88
2025-04-03,Keyboard,49,345,Supplier_B,470,6,0.88
2025-04-04,Keyboard,53,296,Supplier_A,500,4,0.95
2025-04-05,Keyboard,45,683,Supplier_A,500,4,0.95
2025-04-06,Keyboard,54,638,Supplier_A,500,4,0.95
2025-04-07,Keyboard,51,584,Supplier_C,530,3,0.97
2025-04-08,Keyboard,62,533,Supplier_C,530,3,0.97
2025-04-09,Keyboard,69,471,Supplier_A,500,4,0.95
2025-04-10,Keyboard,56,402,Supplier_C,530,3,0.97
2025-04-11,Keyboard,52,346,Supplier_A,500,4,0.95
2025-04-12,Keyboard,56,294,Supplier_A,500,4,0.95
2025-04-13,Keyboard,43,678,Supplier_A,500,4,0.95
2025-04-14,Keyboard,60,635,Supplier_A,500,4,0.95
2025-04-15,Keyboard,53,575,Supplier_A,500,4,0.95
2025-04-16,Keyboard,67,522,Supplier_B,470,6,0.88
2025-04-17,Keyboard,61,455,Supplier_C,530,3,0.97
2025-04-18,Keyboard,56,394,Supplier_A,500,4,0.95
2025-04-19,Keyboard,50,338,Supplier_C,530,3,0.97
2025-04-20,Keyboard,46,288,Supplier_B,470,6,0.88
2025-04-21,Keyboard,58,682,Supplier_A,500,4,0.95
2025-04-22,Keyboard,47,624,Supplier_C,530,3,0.97
2025-04-23,Keyboard,58,577,Supplier_C,530,3,0.97
2025-04-24,Keyboard,68,519,Supplier_A,500,4,0.95
2025-04-25,Keyboard,48,451,Supplier_B,470,6,0.88
2025-04-26,Keyboard,54,403,Supplier_B,470,6,0.88
2025-04-27,Keyboard,43,349,Supplier_C,530,3,0.97
2025-04-28,Keyboard,63,306,Supplier_C,530,3,0.97
2025-04-29,Keyboard,70,683,Supplier_C,530,3,0.97
2025-04-30,Keyboard,63,613,Supplier_C,530,3,0.97
2025-05-01,Keyboard,75,550,Supplier_B,470,6,0.88
2025-05-02,Keyboard,54,475,Supplier_A,500,4,0.95
2025-05-03,Keyboard,39,421,Supplier_B,470,6,0.88
2025-05-04,Keyboard,57,382,Supplier_B,470,6,0.88
2025-05-05,Keyboard,55,325,Supplier_B,470,6,0.88
2025-05-06,Keyboard,61,710,Supplier_C,530,3,0.97
2025-05-07,Keyboard,61,649,Supplier_C,530,3,0.97
2025-05-08,Keyboard,76,588,Supplier_B,470,6,0.88
2025-05-09,Keyboard,48,512,Supplier_A,500,4,0.95
2025-05-10,Keyboard,48,464,Supplier_C,530,3,0.97
2025-05-11,Keyboard,41,416,Supplier_A,500,4,0.95
2025-05-12,Keyboard,60,375,Supplier_A,500,4,0.95
2025-05-13,Keyboard,69,315,Supplier_B,470,6,0.88
2025-05-14,Keyboard,61,686,Supplier_A,500,4,0.95
2025-05-15,Keyboard,65,625,Supplier_C,530,3,0.97
2025-05-16,Keyboard,58,560,Supplier_B,470,6,0.88
2025-05-17,Keyboard,47,502,Supplier_B,470,6,0.88
2025-05-18,Keyboard,42,455,Supplier_C,530,3,0.97
2025-05-19,Keyboard,40,413,Supplier_A,500,4,0.95
2025-05-20,Keyboard,49,373,Supplier_B,470,6,0.88
2025-05-21,Keyboard,58,324,Supplier_C,530,3,0.97
2025-05-22,Keyboard,69,706,Supplier_A,500,4,0.95
2025-05-23,Keyboard,56,637,Supplier_C,530,3,0.97
2025-05-24,Keyboard,38,581,Supplier_C,530,3,0.97
2025-05-25,Keyboard,48,543,Supplier_A,500,4,0.95
2025-05-26,Keyboard,52,495,Supplier_C,530,3,0.97
2025-05-27,Keyboard,66,443,Supplier_A,500,4,0.95
2025-05-28,Keyboard,47,377,Supplier_C,530,3,0.97
2025-05-29,Keyboard,60,330,Supplier_C,530,3,0.97
2025-05-30,Keyboard,59,710,Supplier_C,530,3,0.97
2025-05-31,Keyboard,43,651,Supplier_A,500,4,0.95
2025-06-01,Keyboard,56,608,Supplier_B,470,6,0.88
2025-06-02,Keyboard,55,552,Supplier_A,500,4,0.95
2025-06-03,Keyboard,61,497,Supplier_A,500,4,0.95
2025-06-04,Keyboard,65,436,Supplier_B,470,6,0.88
2025-06-05,Keyboard,51,371,Supplier_B,470,6,0.88
2025-06-06,Keyboard,49,320,Supplier_B,470,6,0.88
2025-06-07,Keyboard,45,711,Supplier_B,470,6,0.88
2025-06-08,Keyboard,59,666,Supplier_B,470,6,0.88
2025-06-09,Keyboard,54,607,Supplier_C,530,3,0.97
2025-06-10,Keyboard,62,553,Supplier_B,470,6,0.88
2025-06-11,Keyboard,70,491,Supplier_A,500,4,0.95
2025-06-12,Keyboard,61,421,Supplier_A,500,4,0.95
2025-06-13,Keyboard,41,360,Supplier_B,470,6,0.88
2025-06-14,Keyboard,37,319,Supplier_A,500,4,0.95
2025-06-15,Keyboard,49,282,Supplier_B,470,6,0.88
2025-06-16,Keyboard,47,673,Supplier_A,500,4,0.95
2025-06-17,Keyboard,65,626,Supplier_C,530,3,0.97
2025-06-18,Keyboard,66,561,Supplier_C,530,3,0.97
2025-06-19,Keyboard,51,495,Supplier_C,530,3,0.97
2025-06-20,Keyboard,45,444,Supplier_B,470,6,0.88
2025-06-21,Keyboard,45,399,Supplier_A,500,4,0.95
2025-06-22,Keyboard,45,354,Supplier_C,530,3,0.97
2025-06-23,Keyboard,41,309,Supplier_C,530,3,0.97
2025-06-24,Keyboard,66,708,Supplier_A,500,4,0.95
2025-06-25,Keyboard,76,642,Supplier_C,530,3,0.97
2025-06-26,Keyboard,52,566,Supplier_C,530,3,0.97
2025-06-27,Keyboard,56,514,Supplier_B,470,6,0.88
2025-06-28,Keyboard,52,458,Supplier_B,470,6,0.88
2025-06-29,Keyboard,61,406,Supplier_A,500,4,0.95
2025-06-30,Keyboard,62,345,Supplier_C,530,3,0.97
2025-07-01,Keyboard,58,283,Supplier_A,500,4,0.95
2025-07-02,Keyboard,62,665,Supplier_A,500,4,0.95
2025-07-03,Keyboard,48,603,Supplier_C,530,3,0.97
2025-07-04,Keyboard,53,555,Supplier_A,500,4,0.95
2025-07-05,Keyboard,35,502,Supplier_C,530,3,0.97
2025-07-06,Keyboard,56,467,Supplier_B,470,6,0.88
2025-07-07,Keyboard,57,411,Supplier_A,500,4,0.95
2025-07-08,Keyboard,58,354,Supplier_A,500,4,0.95
2025-07-09,Keyboard,60,296,Supplier_B,470,6,0.88
2025-07-10,Keyboard,71,676,Supplier_B,470,6,0.88
2025-07-11,Keyboard,50,605,Supplier_B,470,6,0.88
2025-07-12,Keyboard,39,555,Supplier_C,530,3,0.97
2025-07-13,Keyboard,47,516,Supplier_C,530,3,0.97
2025-07-14,Keyboard,42,469,Supplier_A,500,4,0.95
2025-07-15,Keyboard,49,427,Supplier_C,530,3,0.97
2025-07-16,Keyboard,75,378,Supplier_C,530,3,0.97
2025-07-17,Keyboard,57,303,Supplier_A,500,4,0.95
2025-07-18,Keyboard,55,686,Supplier_C,530,3,0.97
2025-07-19,Keyboard,46,631,Supplier_C,530,3,0.97
2025-07-20,Keyboard,54,585,Supplier_C,530,3,0.97
2025-07-21,Keyboard,57,531,Supplier_A,500,4,0.95
2025-07-22,Keyboard,71,474,Supplier_C,530,3,0.97
2025-07-23,Keyboard,61,403,Supplier_A,500,4,0.95
2025-07-24,Keyboard,57,342,Supplier_A,500,4,0.95
2025-07-25,Keyboard,42,285,Supplier_C,530,3,0.97
2025-07-26,Keyboard,53,683,Supplier_C,530,3,0.97
2025-07-27,Keyboard,47,630,Supplier_A,500,4,0.95
2025-07-28,Keyboard,61,583,Supplier_C,530,3,0.97
2025-07-29,Keyboard,65,522,Supplier_B,470,6,0.88
2025-07-30,Keyboard,64,457,Supplier_B,470,6,0.88
2025-07-31,Keyboard,65,393,Supplier_B,470,6,0.88
2025-08-01,Keyboard,57,328,Supplier_B,470,6,0.88
2025-08-02,Keyboard,44,711,Supplier_B,470,6,0.88
2025-08-03,Keyboard,43,667,Supplier_A,500,4,0.95
2025-08-04,Keyboard,49,624,Supplier_A,500,4,0.95
2025-08-05,Keyboard,56,575,Supplier_B,470,6,0.88
2025-08-06,Keyboard,69,519,Supplier_C,530,3,0.97
2025-08-07,Keyboard,61,450,Supplier_B,470,6,0.88
2025-08-08,Keyboard,54,389,Supplier_A,500,4,0.95
2025-08-09,Keyboard,51,335,Supplier_A,500,4,0.95
2025-08-10,Keyboard,53,284,Supplier_A,500,4,0.95
2025-08-11,Keyboard,59,671,Supplier_C,530,3,0.97
2025-08-12,Keyboard,63,612,Supplier_C,530,3,0.97
2025-08-13,Keyboard,67,549,Supplier_C,530,3,0.97
2025-08-14,Keyboard,53,482,Supplier_B,470,6,0.88
2025-08-15,Keyboard,51,429,Supplier_C,530,3,0.97
2025-08-16,Keyboard,45,378,Supplier_C,530,3,0.97
2025-08-17,Keyboard,44,333,Supplier_B,470,6,0.88
2025-08-18,Keyboard,42,289,Supplier_A,500,4,0.95
2025-08-19,Keyboard,62,687,Supplier_C,530,3,0.97
2025-08-20,Keyboard,59,625,Supplier_B,470,6,0.88
2025-08-21,Keyboard,62,566,Supplier_B,470,6,0.88
2025-08-22,Keyboard,50,504,Supplier_C,530,3,0.97
2025-08-23,Keyboard,42,454,Supplier_C,530,3,0.97
2025-08-24,Keyboard,43,412,Supplier_C,530,3,0.97
2025-08-25,Keyboard,48,369,Supplier_B,470,6,0.88
2025-08-26,Keyboard,58,321,Supplier_B,470,6,0.88
2025-08-27,Keyboard,58,703,Supplier_A,500,4,0.95
2025-08-28,Keyboard,66,645,Supplier_A,500,4,0.95
2025-08-29,Keyboard,53,579,Supplier_A,500,4,0.95
2025-08-30,Keyboard,44,526,Supplier_A,500,4,0.95
2025-08-31,Keyboard,39,482,Supplier_B,470,6,0.88
2025-09-01,Keyboard,58,443,Supplier_B,470,6,0.88
2025-09-02,Keyboard,55,385,Supplier_B,470,6,0.88
2025-09-03,Keyboard,74,330,Supplier_B,470,6,0.88
2025-09-04,Keyboard,66,696,Supplier_B,470,6,0.88
2025-09-05,Keyboard,41,630,Supplier_A,500,4,0.95
2025-09-06,Keyboard,45,589,Supplier_C,530,3,0.97
2025-09-07,Keyboard,55,544,Supplier_A,500,4,0.95
2025-09-08,Keyboard,73,489,Supplier_C,530,3,0.97
2025-09-09,Keyboard,56,416,Supplier_C,530,3,0.97
2025-09-10,Keyboard,68,360,Supplier_C,530,3,0.97
2025-09-11,Keyboard,53,292,Supplier_B,470,6,0.88
2025-09-12,Keyboard,48,679,Supplier_C,530,3,0.97
2025-09-13,Keyboard,42,631,Supplier_B,470,6,0.88
2025-09-14,Keyboard,48,589,Supplier_B,470,6,0.88
2025-09-15,Keyboard,56,541,Supplier_A,500,4,0.95
2025-09-16,Keyboard,67,485,Supplier_B,470,6,0.88
2025-09-17,Keyboard,68,418,Supplier_A,500,4,0.95
2025-09-18,Keyboard,52,350,Supplier_C,530,3,0.97
2025-09-19,Keyboard,50,298,Supplier_A,500,4,0.95
2025-09-20,Keyboard,47,688,Supplier_C,530,3,0.97
2025-09-21,Keyboard,49,641,Supplier_B,470,6,0.88
2025-09-22,Keyboard,61,592,Supplier_C,530,3,0.97
2025-09-23,Keyboard,60,531,Supplier_B,470,6,0.88
2025-09-24,Keyboard,67,471,Supplier_C,530,3,0.97
2025-09-25,Keyboard,60,404,Supplier_B,470,6,0.88
2025-09-26,Keyboard,47,344,Supplier_A,500,4,0.95
2025-09-27,Keyboard,57,297,Supplier_C,530,3,0.97
2025-09-28,Keyboard,39,680,Supplier_B,470,6,0.88
2025-09-29,Keyboard,52,641,Supplier_C,530,3,0.97
2025-09-30,Keyboard,57,589,Supplier_A,500,4,0.95
2025-10-01,Keyboard,59,532,Supplier_C,530,3,0.97
2025-10-02,Keyboard,53,473,Supplier_A,500,4,0.95
2025-10-03,Keyboard,54,420,Supplier_A,500,4,0.95
2025-10-04,Keyboard,47,366,Supplier_A,500,4,0.95
2025-10-05,Keyboard,63,319,Supplier_A,500,4,0.95
2025-10-06,Keyboard,52,696,Supplier_B,470,6,0.88
2025-10-07,Keyboard,61,644,Supplier_C,530,3,0.97
2025-10-08,Keyboard,56,583,Supplier_A,500,4,0.95
2025-10-09,Keyboard,52,527,Supplier_B,470,6,0.88
2025-10-10,Keyboard,51,475,Supplier_C,530,3,0.97
2025-10-11,Keyboard,43,424,Supplier_A,500,4,0.95
2025-10-12,Keyboard,47,381,Supplier_A,500,4,0.95
2025-10-13,Keyboard,63,334,Supplier_C,530,3,0.97
2025-10-14,Keyboard,59,711,Supplier_B,470,6,0.88
2025-10-15,Keyboard,67,652,Supplier_C,530,3,0.97
2025-10-16,Keyboard,51,585,Supplier_B,470,6,0.88
2025-10-17,Keyboard,49,534,Supplier_A,500,4,0.95
2025-10-18,Keyboard,49,485,Supplier_C,530,3,0.97
2025-10-19,Keyboard,38,436,Supplier_C,530,3,0.97
2025-10-20,Keyboard,60,398,Supplier_B,470,6,0.88
2025-10-21,Keyboard,62,338,Supplier_B,470,6,0.88
2025-10-22,Keyboard,60,276,Supplier_B,470,6,0.88
2025-10-23,Keyboard,53,656,Supplier_C,530,3,0.97
2025-10-24,Keyboard,52,603,Supplier_C,530,3,0.97
2025-10-25,Keyboard,53,551,Supplier_B,470,6,0.88
2025-10-26,Keyboard,51,498,Supplier_B,470,6,0.88
2025-10-27,Keyboard,48,447,Supplier_B,470,6,0.88
2025-10-28,Keyboard,62,399,Supplier_B,470,6,0.88
2025-10-29,Keyboard,64,337,Supplier_B,470,6,0.88
2025-10-30,Keyboard,57,713,Supplier_B,470,6,0.88
2025-10-31,Keyboard,52,656,Supplier_C,530,3,0.97
2025-11-01,Keyboard,47,604,Supplier_A,500,4,0.95
2025-11-02,Keyboard,42,557,Supplier_B,470,6,0.88
2025-11-03,Keyboard,62,515,Supplier_A,500,4,0.95
2025-11-04,Keyboard,65,453,Supplier_B,470,6,0.88
2025-11-05,Keyboard,62,388,Supplier_B,470,6,0.88
2025-11-06,Keyboard,56,326,Supplier_C,530,3,0.97
2025-11-07,Keyboard,61,710,Supplier_A,500,4,0.95
2025-11-08,Keyboard,49,649,Supplier_C,530,3,0.97
2025-11-09,Keyboard,48,600,Supplier_B,470,6,0.88
2025-11-10,Keyboard,53,552,Supplier_B,470,6,0.88
2025-11-11,Keyboard,62,499,Supplier_C,530,3,0.97
2025-11-12,Keyboard,63,437,Supplier_A,500,4,0.95
2025-11-13,Keyboard,68,374,Supplier_B,470,6,0.88
2025-11-14,Keyboard,63,306,Supplier_A,500,4,0.95
2025-11-15,Keyboard,59,683,Supplier_A,500,4,0.95
2025-11-16,Keyboard,52,624,Supplier_A,500,4,0.95
2025-11-17,Keyboard,59,572,Supplier_B,470,6,0.88
2025-11-18,Keyboard,63,513,Supplier_B,470,6,0.88
2025-11-19,Keyboard,64,450,Supplier_A,500,4,0.95
2025-11-20,Keyboard,57,386,Supplier_B,470,6,0.88
2025-11-21,Keyboard,62,329,Supplier_B,470,6,0.88
2025-11-22,Keyboard,60,707,Supplier_C,530,3,0.97
2025-11-23,Keyboard,51,647,Supplier_C,530,3,0.97
2025-11-24,Keyboard,64,596,Supplier_A,500,4,0.95
2025-11-25,Keyboard,63,532,Supplier_C,530,3,0.97
2025-11-26,Keyboard,68,469,Supplier_A,500,4,0.95
2025-11-27,Keyboard,68,401,Supplier_B,470,6,0.88
2025-11-28,Keyboard,48,333,Supplier_C,530,3,0.97
2025-11-29,Keyboard,52,285,Supplier_C,530,3,0.97
2025-11-30,Keyboard,48,673,Supplier_C,530,3,0.97
2025-12-01,Keyboard,57,625,Supplier_C,530,3,0.97
2025-12-02,Keyboard,53,568,Supplier_A,500,4,0.95
2025-12-03,Keyboard,68,515,Supplier_C,530,3,0.97
2025-12-04,Keyboard,57,447,Supplier_A,500,4,0.95
2025-12-05,Keyboard,54,390,Supplier_C,530,3,0.97
2025-12-06,Keyboard,48,336,Supplier_B,470,6,0.88
2025-12-07,Keyboard,46,288,Supplier_A,500,4,0.95
2025-12-08,Keyboard,54,682,Supplier_A,500,4,0.95
2025-12-09,Keyboard,66,628,Supplier_C,530,3,0.97
2025-12-10,Keyboard,62,562,Supplier_B,470,6,0.88
2025-12-11,Keyboard,54,500,Supplier_C,530,3,0.97
2025-12-12,Keyboard,46,446,Supplier_B,470,6,0.88
2025-12-13,Keyboard,55,400,Supplier_A,500,4,0.95
2025-12-14,Keyboard,49,345,Supplier_B,470,6,0.88
2025-12-15,Keyboard,57,296,Supplier_B,470,6,0.88
2025-12-16,Keyboard,63,679,Supplier_B,470,6,0.88
2025-12-17,Keyboard,73,616,Supplier_A,500,4,0.95
2025-12-18,Keyboard,73,543,Supplier_B,470,6,0.88
2025-12-19,Keyboard,41,470,Supplier_A,500,4,0.95
2025-12-20,Keyboard,53,429,Supplier_A,500,4,0.95
2025-12-21,Keyboard,48,376,Supplier_A,500,4,0.95
2025-12-22,Keyboard,52,328,Supplier_B,470,6,0.88
2025-12-23,Keyboard,65,276,Supplier_A,500,4,0.95
2025-12-24,Keyboard,63,651,Supplier_C,530,3,0.97
2025-12-25,Keyboard,60,588,Supplier_A,500,4,0.95
2025-12-26,Keyboard,64,528,Supplier_C,530,3,0.97
2025-12-27,Keyboard,37,464,Supplier_B,470,6,0.88
2025-12-28,Keyboard,49,427,Supplier_C,530,3,0.97
2025-12-29,Keyboard,55,378,Supplier_A,500,4,0.95
2025-12-30,Keyboard,61,323,Supplier_B,470,6,0.88
2025-12-31,Keyboard,66,702,Supplier_B,470,6,0.88
2025-01-01,Monitor,37,350,Supplier_B,470,6,0.88
2025-01-02,Monitor,39,313,Supplier_C,530,3,0.97
2025-01-03,Monitor,31,274,Supplier_A,500,4,0.95
2025-01-04,Monitor,23,243,Supplier_C,530,3,0.97
2025-01-05,Monitor,32,220,Supplier_A,500,4,0.95
2025-01-06,Monitor,39,188,Supplier_B,470,6,0.88
2025-01-07,Monitor,36,429,Supplier_B,470,6,0.88
2025-01-08,Monitor,45,393,Supplier_C,530,3,0.97
2025-01-09,Monitor,32,348,Supplier_B,470,6,0.88
2025-01-10,Monitor,35,316,Supplier_C,530,3,0.97
2025-01-11,Monitor,27,281,Supplier_A,500,4,0.95
2025-01-12,Monitor,32,254,Supplier_C,530,3,0.97
2025-01-13,Monitor,34,222,Supplier_A,500,4,0.95
2025-01-14,Monitor,37,188,Supplier_A,500,4,0.95
2025-01-15,Monitor,38,431,Supplier_C,530,3,0.97
2025-01-16,Monitor,34,393,Supplier_C,530,3,0.97
2025-01-17,Monitor,32,359,Supplier_A,500,4,0.95
2025-01-18,Monitor,32,327,Supplier_A,500,4,0.95
2025-01-19,Monitor,40,295,Supplier_A,500,4,0.95
2025-01-20,Monitor,33,255,Supplier_B,470,6,0.88
2025-01-21,Monitor,31,222,Supplier_B,470,6,0.88
2025-01-22,Monitor,44,191,Supplier_A,500,4,0.95
2025-01-23,Monitor,38,427,Supplier_C,530,3,0.97
2025-01-24,Monitor,26,389,Supplier_B,470,6,0.88
2025-01-25,Monitor,24,363,Supplier_B,470,6,0.88
2025-01-26,Monitor,33,339,Supplier_B,470,6,0.88
2025-01-27,Monitor,28,306,Supplier_A,500,4,0.95
2025-01-28,Monitor,39,278,Supplier_A,500,4,0.95
2025-01-29,Monitor,38,239,Supplier_A,500,4,0.95
2025-01-30,Monitor,40,201,Supplier_A,500,4,0.95
2025-01-31,Monitor,34,441,Supplier_A,500,4,0.95
2025-02-01,Monitor,37,407,Supplier_C,530,3,0.97
2025-02-02,Monitor,34,370,Supplier_A,500,4,0.95
2025-02-03,Monitor,33,336,Supplier_C,530,3,0.97
2025-02-04,Monitor,38,303,Supplier_C,530,3,0.97
2025-02-05,Monitor,43,265,Supplier_B,470,6,0.88
2025-02-06,Monitor,37,222,Supplier_A,500,4,0.95
2025-02-07,Monitor,36,185,Supplier_A,500,4,0.95
2025-02-08,Monitor,26,429,Supplier_C,530,3,0.97
2025-02-09,Monitor,26,403,Supplier_B,470,6,0.88
2025-02-10,Monitor,24,377,Supplier_C,530,3,0.97
2025-02-11,Monitor,39,353,Supplier_C,530,3,0.97
2025-02-12,Monitor,45,314,Supplier_B,470,6,0.88
2025-02-13,Monitor,32,269,Supplier_C,530,3,0.97
2025-02-14,Monitor,20,237,Supplier_A,500,4,0.95
2025-02-15,Monitor,35,217,Supplier_C,530,3,0.97
2025-02-16,Monitor,30,182,Supplier_A,500,4,0.95
2025-02-17,Monitor,37,432,Supplier_B,470,6,0.88
2025-02-18,Monitor,49,395,Supplier_B,470,6,0.88
2025-02-19,Monitor,43,346,Supplier_B,470,6,0.88
2025-02-20,Monitor,34,303,Supplier_A,500,4,0.95
2025-02-21,Monitor,28,269,Supplier_C,530,3,0.97
2025-02-22,Monitor,27,241,Supplier_C,530,3,0.97
2025-02-23,Monitor,26,214,Supplier_C,530,3,0.97
2025-02-24,Monitor,30,188,Supplier_A,500,4,0.95
2025-02-25,Monitor,46,438,Supplier_C,530,3,0.97
2025-02-26,Monitor,43,392,Supplier_A,500,4,0.95
2025-02-27,Monitor,38,349,Supplier_A,500,4,0.95
2025-02-28,Monitor,29,311,Supplier_A,500,4,0.95
2025-03-01,Monitor,26,282,Supplier_B,470,6,0.88
2025-03-02,Monitor,25,256,Supplier_B,470,6,0.88
2025-03-03,Monitor,33,231,Supplier_A,500,4,0.95
2025-03-04,Monitor,34,198,Supplier_C,530,3,0.97
2025-03-05,Monitor,40,444,Supplier_C,530,3,0.97
2025-03-06,Monitor,44,404,Supplier_C,530,3,0.97
2025-03-07,Monitor,34,360,Supplier_B,470,6,0.88
2025-03-08,Monitor,31,326,Supplier_C,530,3,0.97
2025-03-09,Monitor,36,295,Supplier_B,470,6,0.88
2025-03-10,Monitor,25,259,Supplier_C,530,3,0.97
2025-03-11,Monitor,37,234,Supplier_A,500,4,0.95
2025-03-12,Monitor,40,197,Supplier_A,500,4,0.95
2025-03-13,Monitor,32,437,Supplier_A,500,4,0.95
2025-03-14,Monitor,29,405,Supplier_A,500,4,0.95
2025-03-15,Monitor,32,376,Supplier_A,500,4,0.95
2025-03-16,Monitor,25,344,Supplier_C,530,3,0.97
2025-03-17,Monitor,34,319,Supplier_C,530,3,0.97
2025-03-18,Monitor,42,285,Supplier_C,530,3,0.97
2025-03-19,Monitor,39,243,Supplier_B,470,6,0.88
2025-03-20,Monitor,40,204,Supplier_A,500,4,0.95
2025-03-21,Monitor,34,444,Supplier_B,470,6,0.88
2025-03-22,Monitor,27,410,Supplier_A,500,4,0.95
2025-03-23,Monitor,33,383,Supplier_B,470,6,0.88
2025-03-24,Monitor,36,350,Supplier_C,530,3,0.97
2025-03-25,Monitor,42,314,Supplier_A,500,4,0.95
2025-03-26,Monitor,40,272,Supplier_C,530,3,0.97
2025-03-27,Monitor,40,232,Supplier_B,470,6,0.88
2025-03-28,Monitor,34,192,Supplier_B,470,6,0.88
2025-03-29,Monitor,27,438,Supplier_A,500,4,0.95
2025-03-30,Monitor,30,411,Supplier_C,530,3,0.97
2025-03-31,Monitor,36,381,Supplier_A,500,4,0.95
2025-04-01,Monitor,39,345,Supplier_A,500,4,0.95
2025-04-02,Monitor,45,306,Supplier_C,530,3,0.97
2025-04-03,Monitor,29,261,Supplier_B,470,6,0.88
2025-04-04,Monitor,29,232,Supplier_A,500,4,0.95
2025-04-05,Monitor,30,203,Supplier_C,530,3,0.97
2025-04-06,Monitor,31,453,Supplier_C,530,3,0.97
2025-04-07,Monitor,39,422,Supplier_A,500,4,0.95
2025-04-08,Monitor,36,383,Supplier_A,500,4,0.95
2025-04-09,Monitor,39,347,Supplier_C,530,3,0.97
2025-04-10,Monitor,35,308,Supplier_C,530,3,0.97
2025-04-11,Monitor,27,273,Supplier_A,500,4,0.95
2025-04-12,Monitor,32,246,Supplier_A,500,4,0.95
2025-04-13,Monitor,30,214,Supplier_A,500,4,0.95
2025-04-14,Monitor,33,184,Supplier_C,530,3,0.97
2025-04-15,Monitor,41,431,Supplier_A,500,4,0.95
2025-04-16,Monitor,39,390,Supplier_A,500,4,0.95
2025-04-17,Monitor,38,351,Supplier_C,530,3,0.97
2025-04-18,Monitor,36,313,Supplier_A,500,4,0.95
2025-04-19,Monitor,27,277,Supplier_C,530,3,0.97
2025-04-20,Monitor,23,250,Supplier_B,470,6,0.88
2025-04-21,Monitor,33,227,Supplier_C,530,3,0.97
2025-04-22,Monitor,38,194,Supplier_C,530,3,0.97
2025-04-23,Monitor,40,436,Supplier_B,470,6,0.88
2025-04-24,Monitor,39,396,Supplier_C,530,3,0.97
2025-04-25,Monitor,27,357,Supplier_C,530,3,0.97
2025-04-26,Monitor,32,330,Supplier_B,470,6,0.88
2025-04-27,Monitor,32,298,Supplier_A,500,4,0.95
2025-04-28,Monitor,34,266,Supplier_A,500,4,0.95
2025-04-29,Monitor,38,232,Supplier_B,470,6,0.88
2025-04-30,Monitor,38,194,Supplier_A,500,4,0.95
2025-05-01,Monitor,37,436,Supplier_B,470,6,0.88
2025-05-02,Monitor,28,399,Supplier_A,500,4,0.95
2025-05-03,Monitor,33,371,Supplier_A,500,4,0.95
2025-05-04,Monitor,35,338,Supplier_A,500,4,0.95
2025-05-05,Monitor,30,303,Supplier_C,530,3,0.97
2025-05-06,Monitor,32,273,Supplier_C,530,3,0.97
2025-05-07,Monitor,39,241,Supplier_B,470,6,0.88
2025-05-08,Monitor,31,202,Supplier_B,470,6,0.88
2025-05-09,Monitor,29,451,Supplier_C,530,3,0.97
2025-05-10,Monitor,31,422,Supplier_C,530,3,0.97
2025-05-11,Monitor,30,391,Supplier_C,530,3,0.97
2025-05-12,Monitor,31,361,Supplier_C,530,3,0.97
2025-05-13,Monitor,33,330,Supplier_B,470,6,0.88
2025-05-14,Monitor,43,297,Supplier_B,470,6,0.88
2025-05-15,Monitor,42,254,Supplier_B,470,6,0.88
2025-05-16,Monitor,36,212,Supplier_A,500,4,0.95
2025-05-17,Monitor,22,176,Supplier_B,470,6,0.88
2025-05-18,Monitor,31,434,Supplier_A,500,4,0.95
2025-05-19,Monitor,44,403,Supplier_C,530,3,0.97
2025-05-20,Monitor,34,359,Supplier_B,470,6,0.88
2025-05-21,Monitor,42,325,Supplier_B,470,6,0.88
2025-05-22,Monitor,42,283,Supplier_A,500,4,0.95
2025-05-23,Monitor,33,241,Supplier_A,500,4,0.95
2025-05-24,Monitor,27,208,Supplier_C,530,3,0.97
2025-05-25,Monitor,29,181,Supplier_A,500,4,0.95
2025-05-26,Monitor,28,432,Supplier_B,470,6,0.88
2025-05-27,Monitor,43,404,Supplier_B,470,6,0.88
2025-05-28,Monitor,38,361,Supplier_B,470,6,0.88
2025-05-29,Monitor,37,323,Supplier_C,530,3,0.97
2025-05-30,Monitor,31,286,Supplier_C,530,3,0.97
2025-05-31,Monitor,30,255,Supplier_C,530,3,0.97
2025-06-01,Monitor,32,225,Supplier_A,500,4,0.95
2025-06-02,Monitor,36,193,Supplier_A,500,4,0.95
2025-06-03,Monitor,32,437,Supplier_B,470,6,0.88
2025-06-04,Monitor,36,405,Supplier_C,530,3,0.97
2025-06-05,Monitor,40,369,Supplier_A,500,4,0.95
2025-06-06,Monitor,28,329,Supplier_B,470,6,0.88
2025-06-07,Monitor,21,301,Supplier_B,470,6,0.88
2025-06-08,Monitor,37,280,Supplier_B,470,6,0.88
2025-06-09,Monitor,41,243,Supplier_C,530,3,0.97
2025-06-10,Monitor,40,202,Supplier_C,530,3,0.97
2025-06-11,Monitor,42,442,Supplier_C,530,3,0.97
2025-06-12,Monitor,41,400,Supplier_C,530,3,0.97
2025-06-13,Monitor,29,359,Supplier_B,470,6,0.88
2025-06-14,Monitor,22,330,Supplier_C,530,3,0.97
2025-06-15,Monitor,31,308,Supplier_B,470,6,0.88
2025-06-16,Monitor,39,277,Supplier_A,500,4,0.95
2025-06-17,Monitor,35,238,Supplier_A,500,4,0.95
2025-06-18,Monitor,42,203,Supplier_C,530,3,0.97
2025-06-19,Monitor,34,441,Supplier_A,500,4,0.95
2025-06-20,Monitor,30,407,Supplier_B,470,6,0.88
2025-06-21,Monitor,35,377,Supplier_C,530,3,0.97
2025-06-22,Monitor,35,342,Supplier_B,470,6,0.88
2025-06-23,Monitor,36,307,Supplier_C,530,3,0.97
2025-06-24,Monitor,36,271,Supplier_C,530,3,0.97
2025-06-25,Monitor,43,235,Supplier_B,470,6,0.88
2025-06-26,Monitor,34,192,Supplier_B,470,6,0.88
2025-06-27,Monitor,32,438,Supplier_C,530,3,0.97
2025-06-28,Monitor,33,406,Supplier_B,470,6,0.88
2025-06-29,Monitor,26,373,Supplier_B,470,6,0.88
2025-06-30,Monitor,38,347,Supplier_A,500,4,0.95
2025-07-01,Monitor,38,309,Supplier_A,500,4,0.95
2025-07-02,Monitor,43,271,Supplier_A,500,4,0.95
2025-07-03,Monitor,38,228,Supplier_C,530,3,0.97
2025-07-04,Monitor,29,190,Supplier_A,500,4,0.95
2025-07-05,Monitor,31,441,Supplier_A,500,4,0.95
2025-07-06,Monitor,26,410,Supplier_B,470,6,0.88
2025-07-07,Monitor,31,384,Supplier_C,530,3,0.97
2025-07-08,Monitor,42,353,Supplier_B,470,6,0.88
2025-07-09,Monitor,36,311,Supplier_A,500,4,0.95
2025-07-10,Monitor,35,275,Supplier_C,530,3,0.97
2025-07-11,Monitor,35,240,Supplier_A,500,4,0.95
2025-07-12,Monitor,25,205,Supplier_B,470,6,0.88
2025-07-13,Monitor,25,180,Supplier_B,470,6,0.88
2025-07-14,Monitor,34,435,Supplier_C,530,3,0.97
2025-07-15,Monitor,35,401,Supplier_A,500,4,0.95
2025-07-16,Monitor,34,366,Supplier_B,470,6,0.88
2025-07-17,Monitor,37,332,Supplier_A,500,4,0.95
2025-07-18,Monitor,36,295,Supplier_C,530,3,0.97
2025-07-19,Monitor,31,259,Supplier_C,530,3,0.97
2025-07-20,Monitor,30,228,Supplier_A,500,4,0.95
2025-07-21,Monitor,34,198,Supplier_A,500,4,0.95
2025-07-22,Monitor,29,444,Supplier_B,470,6,0.88
2025-07-23,Monitor,35,415,Supplier_C,530,3,0.97
2025-07-24,Monitor,25,380,Supplier_C,530,3,0.97
2025-07-25,Monitor,30,355,Supplier_A,500,4,0.95
2025-07-26,Monitor,33,325,Supplier_B,470,6,0.88
2025-07-27,Monitor,34,292,Supplier_B,470,6,0.88
2025-07-28,Monitor,33,258,Supplier_B,470,6,0.88
2025-07-29,Monitor,40,225,Supplier_C,530,3,0.97
2025-07-30,Monitor,39,185,Supplier_A,500,4,0.95
2025-07-31,Monitor,35,426,Supplier_B,470,6,0.88
2025-08-01,Monitor,26,391,Supplier_C,530,3,0.97
2025-08-02,Monitor,32,365,Supplier_C,530,3,0.97
2025-08-03,Monitor,25,333,Supplier_C,530,3,0.97
2025-08-04,Monitor,32,308,Supplier_B,470,6,0.88
2025-08-05,Monitor,39,276,Supplier_A,500,4,0.95
2025-08-06,Monitor,41,237,Supplier_A,500,4,0.95
2025-08-07,Monitor,30,196,Supplier_C,530,3,0.97
2025-08-08,Monitor,24,446,Supplier_C,530,3,0.97
2025-08-09,Monitor,34,422,Supplier_A,500,4,0.95
2025-08-10,Monitor,35,388,Supplier_A,500,4,0.95
2025-08-11,Monitor,23,353,Supplier_B,470,6,0.88
2025-08-12,Monitor,39,330,Supplier_A,500,4,0.95
2025-08-13,Monitor,42,291,Supplier_A,500,4,0.95
2025-08-14,Monitor,46,249,Supplier_A,500,4,0.95
2025-08-15,Monitor,35,203,Supplier_C,530,3,0.97
2025-08-16,Monitor,29,448,Supplier_B,470,6,0.88
2025-08-17,Monitor,26,419,Supplier_B,470,6,0.88
2025-08-18,Monitor,35,393,Supplier_A,500,4,0.95
2025-08-19,Monitor,43,358,Supplier_C,530,3,0.97
2025-08-20,Monitor,43,315,Supplier_A,500,4,0.95
2025-08-21,Monitor,39,272,Supplier_C,530,3,0.97
2025-08-22,Monitor,38,233,Supplier_A,500,4,0.95
2025-08-23,Monitor,26,195,Supplier_A,500,4,0.95
2025-08-24,Monitor,38,449,Supplier_A,500,4,0.95
2025-08-25,Monitor,38,411,Supplier_A,500,4,0.95
2025-08-26,Monitor,35,373,Supplier_B,470,6,0.88
2025-08-27,Monitor,41,338,Supplier_A,500,4,0.95
2025-08-28,Monitor,44,297,Supplier_A,500,4,0.95
2025-08-29,Monitor,34,253,Supplier_C,530,3,0.97
2025-08-30,Monitor,31,219,Supplier_C,530,3,0.97
2025-08-31,Monitor,32,188,Supplier_A,500,4,0.95
2025-09-01,Monitor,27,436,Supplier_C,530,3,0.97
2025-09-02,Monitor,37,409,Supplier_C,530,3,0.97
2025-09-03,Monitor,45,372,Supplier_C,530,3,0.97
2025-09-04,Monitor,37,327,Supplier_A,500,4,0.95
2025-09-05,Monitor,31,290,Supplier_B,470,6,0.88
2025-09-06,Monitor,29,259,Supplier_B,470,6,0.88
2025-09-07,Monitor,31,230,Supplier_B,470,6,0.88
2025-09-08,Monitor,38,199,Supplier_C,530,3,0.97
2025-09-09,Monitor,29,441,Supplier_A,500,4,0.95
2025-09-10,Monitor,39,412,Supplier_A,500,4,0.95
2025-09-11,Monitor,38,373,Supplier_A,500,4,0.95
2025-09-12,Monitor,29,335,Supplier_B,470,6,0.88
2025-09-13,Monitor,29,306,Supplier_C,530,3,0.97
2025-09-14,Monitor,27,277,Supplier_C,530,3,0.97
2025-09-15,Monitor,41,250,Supplier_B,470,6,0.88
2025-09-16,Monitor,41,209,Supplier_B,470,6,0.88
2025-09-17,Monitor,39,448,Supplier_C,530,3,0.97
2025-09-18,Monitor,38,409,Supplier_A,500,4,0.95
2025-09-19,Monitor,34,371,Supplier_C,530,3,0.97
2025-09-20,Monitor,32,337,Supplier_C,530,3,0.97
2025-09-21,Monitor,33,305,Supplier_A,500,4,0.95
2025-09-22,Monitor,28,272,Supplier_B,470,6,0.88
2025-09-23,Monitor,46,244,Supplier_A,500,4,0.95
2025-09-24,Monitor,31,198,Supplier_B,470,6,0.88
2025-09-25,Monitor,38,447,Supplier_A,500,4,0.95
2025-09-26,Monitor,29,409,Supplier_A,500,4,0.95
2025-09-27,Monitor,36,380,Supplier_C,530,3,0.97
2025-09-28,Monitor,32,344,Supplier_A,500,4,0.95
2025-09-29,Monitor,36,312,Supplier_C,530,3,0.97
2025-09-30,Monitor,33,276,Supplier_B,470,6,0.88
2025-10-01,Monitor,48,243,Supplier_B,470,6,0.88
2025-10-02,Monitor,45,195,Supplier_B,470,6,0.88
2025-10-03,Monitor,37,430,Supplier_B,470,6,0.88
2025-10-04,Monitor,36,393,Supplier_C,530,3,0.97
2025-10-05,Monitor,28,357,Supplier_A,500,4,0.95
2025-10-06,Monitor,31,329,Supplier_B,470,6,0.88
2025-10-07,Monitor,36,298,Supplier_B,470,6,0.88
2025-10-08,Monitor,40,262,Supplier_C,530,3,0.97
2025-10-09,Monitor,41,222,Supplier_A,500,4,0.95
2025-10-10,Monitor,28,181,Supplier_C,530,3,0.97
2025-10-11,Monitor,30,433,Supplier_B,470,6,0.88
2025-10-12,Monitor,33,403,Supplier_A,500,4,0.95
2025-10-13,Monitor,34,370,Supplier_B,470,6,0.88
2025-10-14,Monitor,34,336,Supplier_B,470,6,0.88
2025-10-15,Monitor,43,302,Supplier_C,530,3,0.97
2025-10-16,Monitor,31,259,Supplier_A,500,4,0.95
2025-10-17,Monitor,37,228,Supplier_A,500,4,0.95
2025-10-18,Monitor,25,191,Supplier_C,530,3,0.97
2025-10-19,Monitor,33,446,Supplier_B,470,6,0.88
2025-10-20,Monitor,34,413,Supplier_C,530,3,0.97
2025-10-21,Monitor,44,379,Supplier_B,470,6,0.88
2025-10-22,Monitor,42,335,Supplier_A,500,4,0.95
2025-10-23,Monitor,40,293,Supplier_A,500,4,0.95
2025-10-24,Monitor,25,253,Supplier_A,500,4,0.95
2025-10-25,Monitor,28,228,Supplier_A,500,4,0.95
2025-10-26,Monitor,35,200,Supplier_B,470,6,0.88
2025-10-27,Monitor,36,445,Supplier_A,500,4,0.95
2025-10-28,Monitor,41,409,Supplier_A,500,4,0.95
2025-10-29,Monitor,38,368,Supplier_B,470,6,0.88
2025-10-30,Monitor,38,330,Supplier_A,500,4,0.95
2025-10-31,Monitor,31,292,Supplier_B,470,6,0.88
2025-11-01,Monitor,40,261,Supplier_A,500,4,0.95
2025-11-02,Monitor,25,221,Supplier_A,500,4,0.95
2025-11-03,Monitor,40,196,Supplier_C,530,3,0.97
2025-11-04,Monitor,36,436,Supplier_B,470,6,0.88
2025-11-05,Monitor,44,400,Supplier_C,530,3,0.97
2025-11-06,Monitor,31,356,Supplier_B,470,6,0.88
2025-11-07,Monitor,38,325,Supplier_C,530,3,0.97
2025-11-08,Monitor,32,287,Supplier_C,530,3,0.97
2025-11-09,Monitor,30,255,Supplier_C,530,3,0.97
2025-11-10,Monitor,35,225,Supplier_A,500,4,0.95
2025-11-11,Monitor,40,190,Supplier_A,500,4,0.95
2025-11-12,Monitor,44,430,Supplier_A,500,4,0.95
2025-11-13,Monitor,42,386,Supplier_B,470,6,0.88
2025-11-14,Monitor,36,344,Supplier_B,470,6,0.88
2025-11-15,Monitor,30,308,Supplier_C,530,3,0.97
2025-11-16,Monitor,26,278,Supplier_C,530,3,0.97
2025-11-17,Monitor,36,252,Supplier_C,530,3,0.97
2025-11-18,Monitor,30,216,Supplier_A,500,4,0.95
2025-11-19,Monitor,44,186,Supplier_B,470,6,0.88
2025-11-20,Monitor,39,422,Supplier_A,500,4,0.95
2025-11-21,Monitor,35,383,Supplier_A,500,4,0.95
2025-11-22,Monitor,29,348,Supplier_B,470,6,0.88
2025-11-23,Monitor,34,319,Supplier_C,530,3,0.97
2025-11-24,Monitor,33,285,Supplier_C,530,3,0.97
2025-11-25,Monitor,39,252,Supplier_A,500,4,0.95
2025-11-26,Monitor,34,213,Supplier_C,530,3,0.97
2025-11-27,Monitor,41,179,Supplier_B,470,6,0.88
2025-11-28,Monitor,38,418,Supplier_B,470,6,0.88
2025-11-29,Monitor,31,380,Supplier_A,500,4,0.95
2025-11-30,Monitor,26,349,Supplier_C,530,3,0.97
2025-12-01,Monitor,29,323,Supplier_B,470,6,0.88
2025-12-02,Monitor,48,294,Supplier_B,470,6,0.88
2025-12-03,Monitor,40,246,Supplier_A,500,4,0.95
2025-12-04,Monitor,35,206,Supplier_C,530,3,0.97
2025-12-05,Monitor,31,451,Supplier_B,470,6,0.88
2025-12-06,Monitor,24,420,Supplier_B,470,6,0.88
2025-12-07,Monitor,31,396,Supplier_B,470,6,0.88
2025-12-08,Monitor,38,365,Supplier_B,470,6,0.88
2025-12-09,Monitor,40,327,Supplier_A,500,4,0.95
2025-12-10,Monitor,44,287,Supplier_B,470,6,0.88
2025-12-11,Monitor,34,243,Supplier_C,530,3,0.97
2025-12-12,Monitor,33,209,Supplier_C,530,3,0.97
2025-12-13,Monitor,26,176,Supplier_C,530,3,0.97
2025-12-14,Monitor,30,430,Supplier_B,470,6,0.88
2025-12-15,Monitor,30,400,Supplier_A,500,4,0.95
2025-12-16,Monitor,41,370,Supplier_C,530,3,0.97
2025-12-17,Monitor,39,329,Supplier_A,500,4,0.95
2025-12-18,Monitor,38,290,Supplier_C,530,3,0.97
2025-12-19,Monitor,36,252,Supplier_C,530,3,0.97
2025-12-20,Monitor,27,216,Supplier_C,530,3,0.97
2025-12-21,Monitor,32,189,Supplier_C,530,3,0.97
2025-12-22,Monitor,35,437,Supplier_C,530,3,0.97
2025-12-23,Monitor,37,402,Supplier_C,530,3,0.97
2025-12-24,Monitor,41,365,Supplier_A,500,4,0.95
2025-12-25,Monitor,36,324,Supplier_B,470,6,0.88
2025-12-26,Monitor,29,288,Supplier_C,530,3,0.97
2025-12-27,Monitor,27,259,Supplier_B,470,6,0.88
2025-12-28,Monitor,27,232,Supplier_B,470,6,0.88
2025-12-29,Monitor,40,205,Supplier_A,500,4,0.95
2025-12-30,Monitor,28,445,Supplier_B,470,6,0.88
2025-12-31,Monitor,42,417,Supplier_A,500,4,0.95
